Campaign ID,Campaign Name,Channel,Start Date,End Date,Budget Allocated,Amount Spent,Impressions,Clicks,Conversions,Revenue Generated,Campaign Duration Days,CTR,CVR,CPC,CPA,ROAS,Budget Utilization,Revenue per Conversion,Start Year,Start Quarter
CMP-8001,Back to School - Facebook 2025 Q3,Facebook,2025-04-11,2025-05-08,25000.0,23697.26,5058725.0,248564.0,13472.0,67314.37,27,0.04913570118952898,0.054199320899245264,0.09533665373907725,1.759000890736342,2.840597182965457,0.9478903999999999,4.996612975059382,2025,2
CMP-8002,Brand Awareness - LinkedIn 2024 Q3,LinkedIn,2024-08-23,2024-10-05,24500.0,18448.42,664453.0,12140.0,857.0,174811.71,43,0.018270667752271416,0.07059308072487644,1.5196392092257,21.526744457409567,9.475700900131285,0.7529967346938775,203.98099183197198,2024,3
CMP-8003,Summer Promo - Instagram 2024 Q3,Instagram,2024-03-27,2024-04-21,1300.0,1006.28,87538.0,1197.0,39.0,2881.97,25,0.013674061550412392,0.03258145363408521,0.8406683375104428,25.80205128205128,2.863984179353659,0.7740615384615385,73.89666666666666,2024,1
CMP-8004,Customer Retention - Google Ads 2024 Q4,Google Ads,2025-08-28,2025-10-04,12600.0,11223.2,544654.0,14987.0,1302.0,81059.73,37,0.027516551792514148,0.08687529191966371,0.7488623473677187,8.619969278033794,7.2225149689928,0.8907301587301588,62.25785714285714,2025,3
CMP-8005,Summer Promo - Instagram 2025 Q1,Instagram,2024-12-13,2025-01-09,16100.0,14642.06,1089474.0,44905.0,2002.0,65363.13,27,0.04121713781145764,0.04458300857365549,0.32606747578220685,7.313716283716284,4.464066531621916,0.9094447204968944,32.648916083916085,2024,4
CMP-8006,Seasonal Collection - LinkedIn 2025 Q4,LinkedIn,2025-01-11,2025-02-04,3000.0,2122.39,147967.0,3862.0,308.0,18176.03,24,0.026100414281562782,0.0797514241325738,0.5495572242361471,6.890876623376623,8.563944421147857,0.7074633333333333,59.01308441558441,2025,1
CMP-8007,Back to School - Instagram 2025 Q4,Instagram,2024-09-06,2024-09-24,17400.0,14583.81,1909209.0,94094.0,3489.0,25633.12,18,0.049284284748291045,0.037079941335260484,0.15499192297064637,4.17993981083405,1.7576422073518512,0.83815,7.346838635712238,2024,3
CMP-8008,New Product Launch - Facebook 2025 Q2,Facebook,2024-01-19,2024-03-07,5600.0,4786.79,1144729.0,31948.0,1041.0,15362.27,48,0.027908788892392872,0.03258419932390134,0.1498306623262802,4.598261287223823,3.2093051919971423,0.8547839285714286,14.757223823246878,2024,1
CMP-8009,Summer Promo - Email 2024 Q3,Email,2024-07-11,2024-08-03,15000.0,14868.78,15520055.0,1140320.0,120309.0,148518.46,23,0.07347396642602104,0.10550459520134699,0.013039129367195174,0.12358826022990799,9.988611036009678,0.991252,1.234475060053695,2024,3
CMP-8010,Cyber Monday - Google Ads 2025 Q2,Google Ads,2025-06-22,2025-08-06,15200.0,14907.77,1140117.0,36846.0,1323.0,85197.02,45,0.032317735811324626,0.03590620420127015,0.4045966997774521,11.268155706727136,5.714940598090794,0.9807743421052632,64.39684051398338,2025,2
CMP-8011,Black Friday - Google Ads 2024 Q4,Google Ads,2025-11-26,2026-01-12,15200.0,13376.49,1651283.0,112184.0,10207.0,89305.85,47,0.06793747649554922,0.09098445411110319,0.11923705697782215,1.310521210933673,6.676329141650762,0.8800322368421053,8.749470951307927,2025,4
CMP-8012,Referral Program - Facebook 2024 Q2,Facebook,2025-08-07,2025-08-27,14400.0,12767.74,2912788.0,37578.0,1584.0,61416.29,20,0.012901041888390093,0.04215232316781095,0.33976635265314814,8.06044191919192,4.810271042486767,0.8866486111111112,38.77291035353535,2025,3
CMP-8013,Flash Sale - Google Ads 2025 Q2,Google Ads,2024-05-25,2024-07-03,2700.0,2560.1,151756.0,9420.0,878.0,11178.36,39,0.06207332823743378,0.09320594479830148,0.2717728237791932,2.9158314350797268,4.366376313425257,0.9481851851851851,12.731617312072894,2024,2
CMP-8014,Black Friday - Email 2024 Q2,Email,2025-02-28,2025-03-26,21900.0,17150.81,5748560.0,147322.0,10597.0,229304.85,26,0.025627635442615194,0.0719308725105551,0.11641716783643992,1.6184589978295745,13.369913724191452,0.7831420091324202,21.638657167122773,2025,1
CMP-8015,Flash Sale - Instagram 2024 Q1,Instagram,2024-03-17,2024-04-11,23700.0,20421.53,1283378.0,57614.0,1684.0,39356.23,25,0.04489246348308916,0.029229006838615613,0.3544542993022529,12.126799287410925,1.9271930163900552,0.8616679324894514,23.370682897862235,2024,1
CMP-8016,Free Trial Push - Google Ads 2025 Q1,Google Ads,2025-02-04,2025-03-23,4300.0,3333.79,309767.0,20127.0,1408.0,25711.41,47,0.06497464223109628,0.06995578079197098,0.1656377006011825,2.3677485795454545,7.712366405802405,0.7753,18.260944602272726,2025,1
CMP-8017,New Product Launch - Email 2025 Q1,Email,2024-06-20,2024-07-16,15500.0,16163.52,10719990.0,769771.0,31439.0,114464.67,26,0.07180706325285752,0.040842016651705504,0.020997829224535608,0.5141232227488152,7.081667235849617,1.042807741935484,3.640849581729699,2024,2
CMP-8018,Free Trial Push - Facebook 2024 Q4,Facebook,2025-06-14,2025-06-25,21200.0,18285.5,3030668.0,74317.0,2151.0,90889.76,11,0.02452165661167769,0.02894357953092832,0.24604733775582976,8.50092980009298,4.97059199912499,0.8625235849056604,42.25465364946536,2025,2
CMP-8019,Black Friday - Email 2025 Q3,Email,2025-09-20,2025-10-23,12200.0,11467.97,5333472.0,176660.0,11406.0,82714.84,33,0.033122888804891074,0.06456470055473791,0.06491548737688214,1.0054331053831316,7.2126836746172165,0.9399975409836065,7.251870945116605,2025,3
CMP-8020,Customer Retention - Google Ads 2024 Q3,Google Ads,2025-08-23,2025-10-20,23200.0,17013.43,997286.0,46408.0,1696.0,39844.49,58,0.046534294074117154,0.036545423202896055,0.3666055421479055,10.03150353773585,2.3419433941304013,0.7333375,23.493213443396225,2025,3
CMP-8021,Customer Retention - Facebook 2025 Q1,Facebook,2025-01-08,2025-02-07,23500.0,19528.49,1195320.0,12821.0,875.0,29698.65,30,0.010725998059097146,0.06824740659854925,1.5231643397550894,22.31827428571429,1.5207857852808895,0.8309995744680851,33.941314285714284,2025,1
CMP-8022,Free Trial Push - LinkedIn 2025 Q1,LinkedIn,2025-09-07,2025-11-01,19700.0,15489.05,522772.0,11257.0,684.0,34241.57,55,0.02153328793431936,0.06076219241360931,1.3759482988362797,22.644809941520467,2.2106952976457563,0.786246192893401,50.06077485380117,2025,3
CMP-8023,Spring Sale - Instagram 2024 Q2,Instagram,2024-10-03,2024-10-23,24300.0,22145.99,1439661.0,78304.0,3556.0,62982.62,20,0.054390582227343796,0.04541275030649775,0.282820673273396,6.227781214848145,2.8439740106448164,0.9113576131687243,17.711647919010126,2024,4
CMP-8024,Customer Retention - Instagram 2024 Q2,Instagram,2025-07-21,2025-08-26,17900.0,15115.3,2419717.0,136911.0,5158.0,65157.41,36,0.05658141014011143,0.03767410945796905,0.11040237818728955,2.9304575416828227,4.310692477158906,0.8444301675977653,12.632301279565723,2025,3
CMP-8025,Seasonal Collection - Facebook 2024 Q3,Facebook,2025-08-09,2025-09-05,2300.0,1943.12,185459.0,3380.0,145.0,8488.89,27,0.01822505243746596,0.042899408284023666,0.574887573964497,13.400827586206896,4.368690559512537,0.8448347826086956,58.54406896551724,2025,3
CMP-8026,Free Trial Push - Facebook 2025 Q2,Facebook,2024-10-16,2024-11-26,6400.0,6897.27,528667.0,13165.0,664.0,15505.34,41,0.02490225415999107,0.050436764147360424,0.5239096088112419,10.387454819277108,2.2480401666166467,1.0776984375,23.351415662650602,2024,4
CMP-8027,Spring Sale - Facebook 2024 Q3,Facebook,2025-06-20,2025-07-10,17600.0,18920.45,1939264.0,62720.0,1970.0,35361.72,20,0.03234216692518399,0.0314094387755102,0.3016653380102041,9.604289340101523,1.868968232785161,1.0750255681818182,17.950111675126905,2025,2
CMP-8028,Year End Clearance - Instagram 2025 Q2,Instagram,2024-07-25,2024-09-22,1800.0,1845.36,340545.0,16646.0,421.0,6761.94,59,0.04888047100970503,0.025291361287997118,0.11085906524089871,4.383277909738717,3.6642931460528025,1.0252,16.061615201900235,2024,3
CMP-8029,Summer Promo - LinkedIn 2024 Q4,LinkedIn,2024-09-27,2024-11-18,24600.0,20700.55,1173519.0,21387.0,1546.0,156411.52,52,0.018224672970782747,0.07228690325898911,0.9679033992612335,13.389747736093144,7.55591131636599,0.8414857723577236,101.17174644243208,2024,3
CMP-8030,Black Friday - Facebook 2024 Q4,Facebook,2024-03-28,2024-04-18,17500.0,18407.48,1277649.0,57452.0,3625.0,38124.2,21,0.04496696667081491,0.06309614982942283,0.32039754925851144,5.077925517241379,2.0711254337910456,1.051856,10.51702068965517,2024,1
CMP-8031,Year End Clearance - Facebook 2025 Q3,Facebook,2025-05-26,2025-06-10,18300.0,15274.36,1072803.0,30367.0,1770.0,35940.46,15,0.02830622211160856,0.0582869562353871,0.5029920637534165,8.629581920903956,2.35299285862059,0.834664480874317,20.30534463276836,2025,2
CMP-8032,Spring Sale - Instagram 2024 Q2,Instagram,2025-01-09,2025-02-12,15700.0,12486.41,675685.0,15049.0,620.0,52851.23,34,0.02227221264346552,0.04119875074755798,0.8297169247126055,20.139370967741936,4.232700191648361,0.7953127388535032,85.24391935483871,2025,1
CMP-8033,Cyber Monday - Email 2025 Q3,Email,2025-09-30,2025-11-07,4300.0,3383.65,2570747.0,255133.0,20772.0,55069.63,38,0.09924469424645832,0.08141635931063407,0.013262298487455563,0.16289476217985752,16.275214635083415,0.7868953488372094,2.6511472174080493,2025,3
CMP-8034,Cyber Monday - Google Ads 2024 Q2,Google Ads,2024-06-24,2024-07-31,15100.0,13489.99,758114.0,17897.0,1200.0,78741.77,37,0.023607267508580505,0.06705034363301111,0.753757054254903,11.241658333333334,5.837051769497235,0.893376821192053,65.61814166666667,2024,2
CMP-8035,Valentine's Special - Facebook 2025 Q2,Facebook,2024-01-07,2024-03-03,10600.0,11197.85,638678.0,24892.0,1503.0,60120.76,56,0.03897425619795891,0.060380845251486424,0.44985738389844127,7.450332667997339,5.368955647735949,1.0564009433962265,40.00050565535596,2024,1
CMP-8036,Cyber Monday - Facebook 2025 Q4,Facebook,2025-04-03,2025-05-22,14000.0,14693.45,3721270.0,45798.0,3088.0,25351.35,49,0.012307088708962263,0.06742652517577187,0.32083169570723613,4.758241580310881,1.72535041123766,1.049532142857143,8.209634067357513,2025,2
CMP-8037,Customer Retention - Google Ads 2025 Q3,Google Ads,2025-08-13,2025-08-28,10700.0,9019.58,890374.0,20674.0,984.0,57863.8,15,0.023219456093731397,0.04759601431750024,0.4362764825384541,9.166239837398374,6.415354151745425,0.8429514018691588,58.80467479674797,2025,3
CMP-8038,Free Trial Push - Facebook 2025 Q3,Facebook,2024-11-06,2024-12-19,1300.0,1327.35,77645.0,1938.0,86.0,7822.41,43,0.02495975272071608,0.04437564499484004,0.6849071207430341,15.434302325581394,5.893253474968923,1.0210384615384616,90.95825581395349,2024,4
CMP-8039,Referral Program - Facebook 2025 Q4,Facebook,2025-09-09,2025-11-03,12900.0,9059.66,775535.0,31864.0,1998.0,35497.94,55,0.04108647578768205,0.06270399196585488,0.28432274667336177,4.5343643643643645,3.918241964930252,0.7022992248062015,17.76673673673674,2025,3
CMP-8040,Year End Clearance - Facebook 2024 Q3,Facebook,2025-10-26,2025-11-18,11700.0,10827.89,649063.0,8583.0,431.0,28069.34,23,0.013223677824802832,0.05021554235115927,1.2615507398345567,25.122714617169372,2.5923185403619726,0.9254606837606837,65.1260788863109,2025,4
CMP-8041,Summer Promo - Instagram 2024 Q2,Instagram,2025-09-15,2025-10-06,14800.0,10758.71,829640.0,20858.0,1046.0,36955.43,21,0.0251410250229015,0.050148624029149484,0.5158073640809281,10.28557361376673,3.4349313254098313,0.7269398648648648,35.33023900573614,2025,3
CMP-8042,Summer Promo - Facebook 2024 Q1,Facebook,2025-10-10,2025-12-05,2700.0,2922.01,186265.0,5973.0,330.0,8985.29,56,0.03206721606313585,0.055248618784530384,0.48920308052904743,8.854575757575759,3.075037388646856,1.082225925925926,27.228151515151517,2025,4
CMP-8043,Free Trial Push - Google Ads 2025 Q1,Google Ads,2024-06-20,2024-06-30,16300.0,12354.95,1055706.0,55484.0,2205.0,93013.73,10,0.05255629881804214,0.03974118664840314,0.22267590656765915,5.603151927437642,7.528458633988805,0.7579723926380368,42.18309750566893,2024,2
CMP-8044,Free Trial Push - LinkedIn 2025 Q4,LinkedIn,2025-09-24,2025-10-13,24000.0,23057.94,907099.0,11446.0,836.0,135254.34,19,0.012618247842848465,0.0730386161104316,2.0144976410973263,27.58126794258373,5.865846645450548,0.9607475,161.7874880382775,2025,3
CMP-8045,Valentine's Special - Google Ads 2025 Q3,Google Ads,2024-12-29,2025-02-24,21000.0,19152.2,2101393.0,164482.0,8915.0,134072.39,57,0.07827284092028479,0.054200459624761374,0.1164394888194453,2.1483118339876612,7.000364971126033,0.9120095238095238,15.038966909702749,2024,4
CMP-8046,Back to School - LinkedIn 2025 Q2,LinkedIn,2025-01-06,2025-02-14,17200.0,17566.34,497067.0,9364.0,481.0,151216.39,39,0.01883850668018597,0.051366937206322086,1.8759440410081163,36.52045738045738,8.60830372177699,1.0212988372093024,314.3791891891892,2025,1
CMP-8047,Seasonal Collection - Google Ads 2025 Q2,Google Ads,2025-06-02,2025-07-05,3800.0,3697.72,294153.0,8181.0,639.0,15172.12,33,0.027812056990749713,0.0781078107810781,0.4519887544309986,5.786729264475743,4.103101370574301,0.9730842105263158,23.743536776212835,2025,2
CMP-8048,Back to School - Facebook 2024 Q4,Facebook,2024-07-18,2024-08-31,24300.0,25113.79,1398960.0,54750.0,2621.0,50848.89,44,0.03913621547435238,0.04787214611872146,0.45869936073059364,9.581758870660053,2.024739794352027,1.0334893004115226,19.40056848531095,2024,3
CMP-8049,New Product Launch - Instagram 2025 Q1,Instagram,2024-01-23,2024-02-17,21300.0,22096.54,1472049.0,56351.0,2690.0,108156.2,25,0.03828065505971608,0.04773650866887899,0.39212329861049494,8.21432713754647,4.894712022787278,1.0373962441314555,40.2067657992565,2024,1
CMP-8050,Valentine's Special - Instagram 2024 Q2,Instagram,2025-01-12,2025-02-26,11500.0,8802.94,967247.0,30329.0,1169.0,39589.84,45,0.03135600317188888,0.03854396781957862,0.290248277226417,7.530316509837468,4.497342933156422,0.765473043478261,33.86641573994867,2025,1
CMP-8051,Brand Awareness - Facebook 2024 Q1,Facebook,2025-08-18,2025-08-28,10400.0,10748.36,676083.0,30440.0,1611.0,35867.94,10,0.045024057697057904,0.05292378449408673,0.35309986859395537,6.671855990068281,3.337061654056991,1.033496153846154,22.2643947858473,2025,3
CMP-8052,Referral Program - Google Ads 2025 Q4,Google Ads,2025-08-17,2025-09-15,3200.0,2814.69,276429.0,5599.0,424.0,14352.71,29,0.02025474895904554,0.07572780853723879,0.502712984461511,6.638419811320754,5.099215188884033,0.8795906250000001,33.85073113207547,2025,3
CMP-8053,Valentine's Special - Facebook 2024 Q1,Facebook,2024-06-24,2024-08-13,4200.0,4188.13,310850.0,15239.0,939.0,22574.54,50,0.04902364484478044,0.06161821641840016,0.27482971323577665,4.460202342917998,5.390123993285786,0.9971738095238095,24.04104366347178,2024,2
CMP-8054,Holiday Deals - Email 2024 Q4,Email,2024-12-24,2025-02-14,23200.0,17912.23,11103992.0,308516.0,28739.0,303245.91,52,0.02778424191948265,0.09315238107585992,0.058059322693150436,0.6232725564563832,16.92954534415871,0.7720788793103448,10.551721006298061,2024,4
CMP-8055,Black Friday - Email 2025 Q3,Email,2024-01-27,2024-02-16,11400.0,12355.27,4282571.0,481266.0,23390.0,209058.38,20,0.1123778216403184,0.04860098157775534,0.02567243478658372,0.5282287302265926,16.92058368615174,1.0837956140350877,8.93793843522873,2024,1
CMP-8056,Cyber Monday - Instagram 2025 Q3,Instagram,2024-11-10,2024-11-25,24100.0,26047.96,6409262.0,371070.0,7342.0,63980.67,15,0.05789590127537304,0.01978602420028566,0.07019689007464898,3.5478016889131028,2.4562641373835032,1.0808282157676348,8.714338055025879,2024,4
CMP-8057,Brand Awareness - Google Ads 2025 Q2,Google Ads,2024-01-22,2024-02-03,5600.0,6027.06,526856.0,18468.0,1620.0,14254.58,12,0.035053221373582154,0.08771929824561403,0.3263515269655621,3.7204074074074076,2.3650967470043436,1.0762607142857143,8.799123456790124,2024,1
CMP-8058,Valentine's Special - Instagram 2025 Q3,Instagram,2024-12-15,2025-02-13,4500.0,4413.93,463403.0,8965.0,158.0,6708.62,60,0.01934601200251185,0.01762409369771333,0.4923513664249861,27.93626582278481,1.519874578890014,0.9808733333333334,42.45962025316456,2024,4
CMP-8059,Free Trial Push - Email 2025 Q2,Email,2024-08-09,2024-09-28,2800.0,2853.14,2000627.0,194890.0,11967.0,46873.57,50,0.09741446056661236,0.06140386884909436,0.014639745497460105,0.23841731428093924,16.42876620144823,1.0189785714285713,3.916902314698755,2024,3
CMP-8060,Free Trial Push - Instagram 2025 Q3,Instagram,2025-02-17,2025-03-25,1800.0,1651.25,143523.0,3857.0,213.0,5341.06,36,0.026873741490910864,0.05522426756546539,0.4281177080632616,7.752347417840376,3.2345556396669193,0.9173611111111111,25.075399061032865,2025,1
CMP-8061,Brand Awareness - Email 2025 Q1,Email,2024-03-07,2024-04-10,5500.0,4413.47,8263551.0,904355.0,65429.0,34132.75,34,0.10943902929866349,0.0723488010792222,0.004880240613475903,0.06745433981873482,7.733767307809954,0.802449090909091,0.5216761680600346,2024,1
CMP-8062,Year End Clearance - LinkedIn 2024 Q1,LinkedIn,2024-08-28,2024-09-29,11200.0,11370.19,778571.0,18660.0,1353.0,60543.67,32,0.023966985669900367,0.072508038585209,0.6093349410503751,8.40368810051737,5.324772057459022,1.0151955357142857,44.747723577235774,2024,3
CMP-8063,Free Trial Push - Google Ads 2024 Q1,Google Ads,2025-08-15,2025-09-17,2900.0,2505.62,129096.0,6140.0,430.0,14923.14,33,0.04756150461671934,0.07003257328990228,0.4080814332247557,5.827023255813954,5.955867210510772,0.8640068965517241,34.70497674418605,2025,3
CMP-8064,Free Trial Push - Google Ads 2024 Q4,Google Ads,2025-06-14,2025-07-03,19100.0,14868.31,1223438.0,54180.0,4099.0,48659.95,19,0.04428503937265313,0.07565522332964193,0.27442432631967517,3.627301780922176,3.2727290458700415,0.7784455497382199,11.871175896560135,2025,2
CMP-8065,Brand Awareness - LinkedIn 2025 Q4,LinkedIn,2025-10-02,2025-11-25,12900.0,13973.24,360327.0,10537.0,568.0,122574.64,54,0.029242882159815946,0.053905286134573405,1.3261117965265257,24.600774647887324,8.772098668597977,1.0831968992248062,215.80042253521125,2025,4
CMP-8066,Brand Awareness - Google Ads 2025 Q4,Google Ads,2025-10-30,2025-12-05,19300.0,18830.65,759695.0,16642.0,740.0,109349.5,36,0.021906159708830517,0.0444658093979089,1.1315136401874775,25.446824324324325,5.80699550997974,0.9756813471502591,147.7695945945946,2025,4
CMP-8067,Seasonal Collection - Google Ads 2025 Q3,Google Ads,2024-10-17,2024-12-01,5300.0,5618.12,468228.0,17239.0,724.0,24267.7,45,0.03681753333845904,0.04199779569580602,0.3258959336388422,7.759834254143646,4.319541056438809,1.060022641509434,33.5189226519337,2024,4
CMP-8068,Holiday Deals - Google Ads 2025 Q2,Google Ads,2024-01-10,2024-02-07,13900.0,12859.17,623104.0,20909.0,1848.0,33793.78,28,0.03355619607641742,0.08838299296953465,0.6150064565498111,6.958425324675325,2.627990764567231,0.925120143884892,18.28667748917749,2024,1
CMP-8069,Flash Sale - Google Ads 2024 Q2,Google Ads,2025-03-22,2025-05-15,7500.0,8219.48,478892.0,25927.0,1765.0,40147.39,54,0.054139555473885555,0.06807575114745246,0.31702395186485127,4.6569291784702544,4.8844196956498465,1.0959306666666666,22.746396600566573,2025,1
CMP-8070,Cyber Monday - Facebook 2024 Q2,Facebook,2025-06-22,2025-07-22,9400.0,10061.07,2579201.0,102106.0,4255.0,59835.69,30,0.03958822906783922,0.04167237968385795,0.0985355414960923,2.364528789659224,5.947249149444344,1.0703265957446808,14.062441833137486,2025,2
CMP-8071,Customer Retention - Google Ads 2025 Q1,Google Ads,2025-10-03,2025-11-17,17800.0,13811.63,923601.0,33289.0,2209.0,93972.72,45,0.03604262013575126,0.06635825648111988,0.41490071795488,6.252435491172476,6.803883393922368,0.7759342696629213,42.540842009959256,2025,4
CMP-8072,Referral Program - Instagram 2024 Q3,Instagram,2025-05-17,2025-07-10,6100.0,5481.24,364038.0,17696.0,1018.0,9366.09,54,0.04861030991270142,0.057527124773960214,0.30974457504520797,5.384322200392927,1.7087538586159337,0.8985639344262295,9.20048133595285,2025,2
CMP-8073,Black Friday - Email 2024 Q3,Email,2024-07-07,2024-09-04,20800.0,14573.03,13469749.0,857402.0,74094.0,227460.73,59,0.06365389585210533,0.08641687329863938,0.01699672965540085,0.19668299727373337,15.60833471144985,0.7006264423076923,3.069894053499609,2024,3
CMP-8074,Back to School - Facebook 2024 Q1,Facebook,2025-06-30,2025-08-12,5700.0,4700.29,832599.0,40096.0,2548.0,8799.4,43,0.04815763650929199,0.06354748603351955,0.11722590782122905,1.8446978021978022,1.8720972535737157,0.8246122807017544,3.453453689167975,2025,2
CMP-8075,Cyber Monday - Google Ads 2025 Q4,Google Ads,2024-05-10,2024-06-26,8900.0,7691.08,337891.0,22829.0,1990.0,32616.04,47,0.06756320825354922,0.08716982785054098,0.3368995575802707,3.86486432160804,4.240762025619289,0.8641662921348314,16.38996984924623,2024,2
CMP-8076,Flash Sale - Facebook 2024 Q1,Facebook,2024-09-12,2024-11-03,3700.0,2841.34,242121.0,4254.0,179.0,7727.37,52,0.01756972753292775,0.042078044193700044,0.6679219558063,15.873407821229051,2.719621727776331,0.7679297297297297,43.16966480446927,2024,3
CMP-8077,Flash Sale - Facebook 2025 Q1,Facebook,2025-03-12,2025-03-19,10900.0,9192.96,529979.0,22230.0,590.0,22995.99,7,0.041945058200419265,0.026540710751237068,0.4135384615384615,15.58128813559322,2.501478305137845,0.8433908256880733,38.97625423728814,2025,1
CMP-8078,Valentine's Special - Facebook 2024 Q2,Facebook,2025-08-10,2025-08-30,11600.0,8299.49,515984.0,25684.0,1502.0,40626.73,20,0.04977673726317095,0.05847998754088148,0.3231385298240149,5.525625832223701,4.895087529474703,0.715473275862069,27.04842210386152,2025,3
CMP-8079,Referral Program - Facebook 2025 Q1,Facebook,2025-07-18,2025-08-20,7200.0,7050.79,1479702.0,14962.0,1040.0,31131.29,33,0.010111495422727008,0.06950942387381366,0.47124649111081407,6.779605769230769,4.41529105249199,0.9792763888888889,29.933932692307692,2025,3
CMP-8080,Flash Sale - Facebook 2024 Q3,Facebook,2025-09-07,2025-10-07,9700.0,6900.36,621265.0,27212.0,899.0,37658.2,30,0.0438009545041166,0.03303689548728502,0.2535778333088343,7.675595105672969,5.45742540968877,0.7113773195876288,41.888987764182424,2025,3
CMP-8081,New Product Launch - Email 2024 Q1,Email,2025-06-15,2025-07-15,23800.0,21891.79,12017237.0,1073097.0,108246.0,221670.44,30,0.08929648304348163,0.10087252130981636,0.020400569566404528,0.20224109897825324,10.125733893847876,0.9198231092436975,2.047839550653142,2025,2
CMP-8082,Free Trial Push - Facebook 2025 Q2,Facebook,2024-03-31,2024-05-02,6700.0,5177.91,639711.0,10030.0,314.0,19871.39,32,0.01567895502812989,0.031306081754735794,0.5162422731804586,16.490159235668788,3.8377241010369048,0.7728223880597015,63.28468152866242,2024,1
CMP-8083,Customer Retention - Facebook 2024 Q3,Facebook,2025-05-26,2025-07-02,15800.0,13876.09,1433888.0,71362.0,4157.0,38792.44,37,0.04976818273114776,0.058252291135338134,0.19444648412320284,3.3380057733942747,2.7956319107183654,0.8782335443037975,9.331835458263171,2025,2
CMP-8084,New Product Launch - Google Ads 2025 Q4,Google Ads,2025-09-09,2025-11-04,17800.0,12888.13,558714.0,11679.0,464.0,55293.48,56,0.02090336021649717,0.03972942888945971,1.1035302680023975,27.776142241379308,4.290263987095103,0.7240522471910112,119.16698275862069,2025,3
CMP-8085,Customer Retention - Facebook 2024 Q2,Facebook,2025-09-10,2025-10-06,12300.0,11892.61,875570.0,20874.0,604.0,51509.78,26,0.023840469636922233,0.02893551786911948,0.5697331608699818,19.68975165562914,4.331242679277299,0.9668788617886179,85.2810927152318,2025,3
CMP-8086,Black Friday - Google Ads 2025 Q1,Google Ads,2025-11-29,2025-12-14,6700.0,5309.29,528927.0,14919.0,1308.0,38570.49,15,0.028206160774549228,0.08767343655741001,0.35587438836383134,4.059090214067278,7.264717127902224,0.7924313432835821,29.48814220183486,2025,4
CMP-8087,Summer Promo - Instagram 2024 Q2,Instagram,2025-08-12,2025-09-27,23300.0,19130.84,1092790.0,60373.0,1242.0,80334.23,46,0.055246662213234016,0.020572110049194178,0.3168774120881851,15.403252818035426,4.199200348756249,0.8210660944206009,64.68134460547503,2025,3
CMP-8088,Seasonal Collection - Google Ads 2025 Q3,Google Ads,2025-06-07,2025-07-07,11900.0,8886.63,1266311.0,49285.0,1968.0,33528.19,30,0.03892013889163089,0.039931013492949176,0.18031104798620268,4.515564024390243,3.7728801581701954,0.7467756302521008,17.036681910569108,2025,2
CMP-8089,Spring Sale - Google Ads 2025 Q1,Google Ads,2025-11-13,2025-11-25,14700.0,15464.52,1809896.0,79178.0,6055.0,57710.48,12,0.043747265036223074,0.07647326277501326,0.19531334461592867,2.5540082576383156,3.7317989824449773,1.0520081632653062,9.531045417010736,2025,4
CMP-8090,Year End Clearance - Facebook 2024 Q2,Facebook,2025-01-23,2025-02-09,23400.0,21150.48,1700331.0,64427.0,1395.0,39553.48,17,0.03789085772123192,0.02165241280829466,0.3282859670634982,15.16163440860215,1.8700984563943703,0.9038666666666666,28.353749103942654,2025,1
CMP-8091,Free Trial Push - Instagram 2025 Q3,Instagram,2025-07-24,2025-08-26,7000.0,6234.7,574832.0,15580.0,694.0,9769.81,33,0.02710357113034765,0.04454428754813864,0.40017329910141203,8.98371757925072,1.5670056297817057,0.8906714285714286,14.077536023054755,2025,3
CMP-8092,Cyber Monday - Google Ads 2024 Q4,Google Ads,2024-12-07,2025-02-03,18600.0,15050.75,1055561.0,36378.0,1278.0,103503.56,58,0.03446319066354289,0.0351311232063335,0.4137322007806916,11.776799687010955,6.8769702506519605,0.8091801075268817,80.98870109546165,2024,4
CMP-8093,Free Trial Push - Facebook 2025 Q1,Facebook,2025-02-15,2025-04-15,2300.0,1675.11,326307.0,3334.0,131.0,4273.81,59,0.010217371984051829,0.03929214157168566,0.5024325134973006,12.78709923664122,2.5513608061560142,0.7283086956521738,32.6245038167939,2025,1
CMP-8094,Year End Clearance - LinkedIn 2025 Q2,LinkedIn,2025-05-25,2025-06-27,9100.0,8529.08,541107.0,10066.0,611.0,33273.27,33,0.018602605399671415,0.06069938406516988,0.8473157162726008,13.959214402618658,3.901155810474283,0.9372615384615385,54.45707037643207,2025,2
CMP-8095,Valentine's Special - Facebook 2024 Q3,Facebook,2025-09-01,2025-10-16,800.0,600.4,49701.0,2124.0,97.0,2286.78,45,0.04273555864067121,0.04566854990583804,0.28267419962335216,6.189690721649484,3.808760826115923,0.7505,23.575051546391755,2025,3
CMP-8096,Black Friday - LinkedIn 2025 Q1,LinkedIn,2025-06-14,2025-07-14,18900.0,16651.98,1441104.0,22393.0,1388.0,90282.63,30,0.01553878137872076,0.061983655606662795,0.7436243468941187,11.997103746397695,5.421735433263793,0.8810571428571429,65.04512247838618,2025,2
CMP-8097,Flash Sale - LinkedIn 2024 Q4,LinkedIn,2025-02-15,2025-03-20,11900.0,8620.86,831117.0,7607.0,267.0,17966.22,33,0.009152742634310212,0.03509925069015381,1.133279873800447,32.28786516853933,2.084040339362894,0.7244420168067227,67.28921348314607,2025,1
CMP-8098,Referral Program - Google Ads 2025 Q4,Google Ads,2025-04-20,2025-05-07,3600.0,2637.62,141225.0,8445.0,264.0,18371.27,17,0.05979819437068508,0.03126110124333925,0.31232918886915334,9.990984848484848,6.965093531289572,0.7326722222222222,69.58814393939394,2025,2
CMP-8099,New Product Launch - Instagram 2025 Q2,Instagram,2024-07-26,2024-09-23,14600.0,15459.95,1166458.0,18712.0,1107.0,60645.93,59,0.01604172632019327,0.05915989739204788,0.8262051090209491,13.965627822944898,3.9227765937147274,1.0589006849315068,54.784037940379406,2024,3
CMP-8100,New Product Launch - Email 2025 Q3,Email,2025-01-15,2025-02-06,25000.0,25641.23,10642737.0,692092.0,79607.0,424886.78,22,0.06502951261503502,0.11502372516948614,0.03704887500505713,0.3220976798522743,16.570452353494744,1.0256492,5.337304257163315,2025,1
CMP-8101,Free Trial Push - Google Ads 2025 Q1,Google Ads,2025-07-15,2025-09-05,8400.0,6199.72,253668.0,16247.0,1540.0,49442.94,52,0.06404828358326632,0.0947867298578199,0.3815916784637164,4.025792207792208,7.9750279044860095,0.7380619047619048,32.1058051948052,2025,3
CMP-8102,Flash Sale - Instagram 2024 Q2,Instagram,2025-06-17,2025-07-16,17700.0,14792.83,1014397.0,50367.0,1265.0,24258.27,29,0.04965215788295904,0.025115651120773522,0.2937008358647527,11.693936758893281,1.6398667462547734,0.8357531073446328,19.176498023715414,2025,2
CMP-8103,Cyber Monday - Email 2024 Q1,Email,2025-08-14,2025-09-14,10700.0,11329.27,18982017.0,1856753.0,194803.0,172398.91,31,0.0978164227753036,0.10491594735541022,0.006101657032464738,0.058157574575340217,15.217124316041545,1.0588102803738317,0.8849910422324092,2025,3
CMP-8104,New Product Launch - Facebook 2024 Q1,Facebook,2024-08-04,2024-08-27,18700.0,17739.78,1967247.0,51105.0,2254.0,37786.79,23,0.025977927530198293,0.044105273456608945,0.34712415614910475,7.8703549245785265,2.1300596737952784,0.9486513368983956,16.7643256433008,2024,3
CMP-8105,Seasonal Collection - Email 2025 Q4,Email,2025-07-21,2025-09-19,6900.0,6220.48,4066928.0,82004.0,4620.0,81510.21,60,0.020163622272142512,0.05633871518462514,0.07585581191161406,1.3464242424242423,13.103524165337726,0.9015188405797101,17.6429025974026,2025,3
CMP-8106,Flash Sale - Email 2025 Q1,Email,2024-11-04,2025-01-02,3700.0,2676.99,919839.0,52243.0,3086.0,33253.92,59,0.056795808831762946,0.05907011465650901,0.05124112321267921,0.8674627349319507,12.422130826039695,0.7235108108108107,10.775735580038885,2024,4
CMP-8107,New Product Launch - LinkedIn 2024 Q2,LinkedIn,2024-09-04,2024-10-12,6400.0,6154.56,381608.0,2456.0,59.0,43955.48,38,0.0064359237751829106,0.024022801302931596,2.505928338762215,104.31457627118645,7.141937035303905,0.9616500000000001,745.0081355932203,2024,3
CMP-8108,Back to School - Instagram 2025 Q1,Instagram,2025-04-14,2025-06-12,21200.0,19857.22,2456287.0,71043.0,2369.0,61023.99,59,0.028922923094898925,0.03334600171726982,0.2795098743014794,8.382110595187843,3.073138636727598,0.9366613207547171,25.759387927395526,2025,2
CMP-8109,Brand Awareness - Google Ads 2024 Q4,Google Ads,2024-09-14,2024-09-30,9800.0,9687.99,732973.0,51827.0,4900.0,76353.01,16,0.0707079251213892,0.09454531421845756,0.18692939973372952,1.9771408163265305,7.88120239595623,0.9885704081632652,15.582246938775508,2024,3
CMP-8110,Black Friday - Google Ads 2024 Q1,Google Ads,2025-08-17,2025-10-12,900.0,903.51,91558.0,4066.0,372.0,3074.33,56,0.04440900849734594,0.09149040826364978,0.22221101819970487,2.428790322580645,3.4026518798906484,1.0039,8.264327956989247,2025,3
CMP-8111,Flash Sale - Instagram 2024 Q1,Instagram,2024-05-27,2024-07-21,7600.0,7934.88,828608.0,14660.0,672.0,20357.18,55,0.017692322545763497,0.04583901773533424,0.5412605729877217,11.807857142857143,2.56553092170266,1.0440631578947368,30.293422619047618,2024,2
CMP-8112,Seasonal Collection - LinkedIn 2024 Q2,LinkedIn,2025-09-01,2025-10-15,1300.0,1402.49,50836.0,1202.0,88.0,9545.32,44,0.023644661263671415,0.07321131447587355,1.1667970049916805,15.937386363636364,6.805980791306889,1.0788384615384616,108.46954545454545,2025,3
CMP-8113,Flash Sale - Email 2024 Q1,Email,2024-05-10,2024-07-04,6300.0,4604.42,1819538.0,173050.0,11815.0,70683.69,55,0.0951065600168834,0.06827506501011268,0.026607454492921123,0.3897096910706729,15.3512689980497,0.7308603174603174,5.982538298772747,2024,2
CMP-8114,Cyber Monday - Google Ads 2025 Q2,Google Ads,2025-09-17,2025-10-29,8600.0,8023.46,445872.0,10972.0,1097.0,20029.02,42,0.02460795923493738,0.09998177178271965,0.7312668611009844,7.314001823154056,2.4963070794893976,0.9329604651162791,18.257994530537832,2025,3
CMP-8115,Year End Clearance - Google Ads 2024 Q2,Google Ads,2025-01-03,2025-02-14,22900.0,24647.49,4154067.0,207489.0,12359.0,116422.5,42,0.04994839996562405,0.05956460342475987,0.11878938160577188,1.9942948458613157,4.723503285730109,1.0763096069868996,9.420058257140546,2025,1
CMP-8116,Cyber Monday - LinkedIn 2024 Q1,LinkedIn,2025-03-15,2025-04-05,3200.0,3089.6,104552.0,2702.0,58.0,18321.57,21,0.02584359935725763,0.02146558105107328,1.1434492968171723,53.26896551724138,5.930078327291559,0.9655,315.8891379310345,2025,1
CMP-8117,Customer Retention - Google Ads 2024 Q1,Google Ads,2024-02-25,2024-04-16,19800.0,14115.77,840553.0,30095.0,2607.0,78704.32,51,0.035803810110724726,0.086625685329789,0.469040372154843,5.414564633678558,5.5756306598931555,0.7129176767676768,30.18961258151132,2024,1
CMP-8118,New Product Launch - LinkedIn 2024 Q2,LinkedIn,2024-03-07,2024-03-25,5300.0,5794.76,153955.0,4299.0,185.0,46141.16,18,0.02792374395115456,0.04303326354966271,1.3479320772272623,31.323027027027027,7.962566180480296,1.0933509433962265,249.4116756756757,2024,1
CMP-8119,Free Trial Push - Facebook 2024 Q4,Facebook,2024-03-14,2024-04-12,1500.0,1501.57,85159.0,2081.0,132.0,5303.43,29,0.024436642046055026,0.06343104276790004,0.7215617491590581,11.375530303030303,3.5319232536611684,1.0010466666666666,40.1775,2024,1
CMP-8120,Valentine's Special - Facebook 2024 Q1,Facebook,2024-04-03,2024-04-10,17700.0,16946.99,951739.0,20740.0,627.0,37305.88,7,0.021791688687759984,0.030231436837029894,0.8171162005785921,27.028692185007976,2.2013277874123958,0.9574570621468927,59.499011164274314,2024,2
CMP-8121,Referral Program - Facebook 2025 Q2,Facebook,2025-04-15,2025-05-29,19900.0,20186.78,1915552.0,69071.0,2026.0,105056.23,44,0.03605801356475836,0.02933213649722749,0.2922612963472369,9.96385982230997,5.204209388520606,1.0144110552763819,51.8540128331688,2025,2
CMP-8122,Holiday Deals - LinkedIn 2025 Q1,LinkedIn,2025-02-04,2025-03-21,23100.0,17968.96,1337386.0,38817.0,2149.0,70093.81,45,0.02902452994124359,0.055362341242239224,0.46291470232114795,8.361544904606793,3.9008273155485904,0.7778770562770563,32.61694276407631,2025,1
CMP-8123,Flash Sale - Google Ads 2025 Q2,Google Ads,2025-02-12,2025-03-08,3200.0,3460.06,266979.0,7796.0,396.0,8086.61,24,0.029200798564681118,0.05079527963057978,0.4438250384812724,8.737525252525252,2.3371299919654573,1.08126875,20.420732323232322,2025,1
CMP-8124,New Product Launch - LinkedIn 2024 Q1,LinkedIn,2024-06-28,2024-08-16,13300.0,13562.71,372979.0,5870.0,403.0,110901.47,49,0.015738151477697134,0.0686541737649063,2.3105127768313456,33.65436724565757,8.176940301753854,1.0197526315789474,275.18975186104217,2024,2
CMP-8125,Spring Sale - Google Ads 2025 Q2,Google Ads,2024-05-12,2024-07-01,16800.0,14589.64,1400302.0,98929.0,6125.0,64176.06,50,0.070648331574189,0.06191308918517321,0.1474758665305421,2.3819820408163266,4.398741846954414,0.8684309523809524,10.477724081632653,2024,2
CMP-8126,Seasonal Collection - Google Ads 2024 Q2,Google Ads,2025-08-19,2025-09-12,20900.0,19267.97,3236790.0,110445.0,8321.0,98955.57,24,0.03412176878944881,0.07534066730046629,0.17445760333197521,2.3155834635260186,5.135754830425831,0.9219124401913876,11.892268958057926,2025,3
CMP-8127,Holiday Deals - Email 2024 Q1,Email,2024-09-15,2024-09-24,16000.0,16577.56,23719589.0,785792.0,87929.0,110615.81,9,0.03312839864130867,0.1118985685779443,0.02109662607916599,0.18853347587257901,6.672623112207104,1.0360975000000001,1.258012828532111,2024,3
CMP-8128,Brand Awareness - Facebook 2025 Q2,Facebook,2024-06-21,2024-07-18,7200.0,5858.24,365335.0,5206.0,123.0,22346.69,27,0.014249934991172485,0.023626584709950056,1.1252862082212831,47.627967479674794,3.8145740017479652,0.8136444444444444,181.68040650406502,2024,2
CMP-8129,Referral Program - Instagram 2024 Q4,Instagram,2024-02-01,2024-02-18,19600.0,13808.74,858099.0,48382.0,2464.0,29769.53,17,0.056382771684852215,0.05092803108594105,0.28541068992600555,5.604196428571428,2.1558469491061456,0.7045275510204082,12.081789772727273,2024,1
CMP-8130,Black Friday - LinkedIn 2025 Q4,LinkedIn,2024-10-21,2024-10-29,17700.0,12892.08,319802.0,4603.0,298.0,72686.96,8,0.01439328084252131,0.06474038670432326,2.8007994786009123,43.26201342281879,5.6381095990716785,0.7283661016949152,243.91597315436243,2024,4
CMP-8131,Referral Program - LinkedIn 2024 Q3,LinkedIn,2024-05-08,2024-06-04,11100.0,10914.21,424468.0,6269.0,383.0,99479.46,27,0.014769075642922435,0.061094273408837135,1.740981017706173,28.4966318537859,9.114673439488522,0.9832621621621621,259.73749347258484,2024,2
CMP-8132,Year End Clearance - Google Ads 2025 Q1,Google Ads,2024-12-08,2025-01-19,17200.0,14457.01,739937.0,20527.0,1003.0,71459.31,42,0.027741550969879868,0.048862473814975396,0.7042923953816924,14.413768693918245,4.942883071949178,0.8405238372093023,71.24557328015952,2024,4
CMP-8133,Holiday Deals - Facebook 2025 Q2,Facebook,2024-05-28,2024-07-15,16800.0,14200.58,878067.0,35252.0,915.0,50775.96,48,0.04014727805509147,0.025955974129127424,0.4028304777033927,15.51975956284153,3.575625784298951,0.8452726190476191,55.49285245901639,2024,2
CMP-8134,Spring Sale - LinkedIn 2025 Q2,LinkedIn,2024-05-10,2024-05-22,20000.0,20579.73,605384.0,8168.0,481.0,105850.31,12,0.013492262762147662,0.05888834476003918,2.519555582761998,42.78530145530146,5.143425594018969,1.0289865,220.06301455301454,2024,2
CMP-8135,Customer Retention - Google Ads 2024 Q1,Google Ads,2024-09-23,2024-10-11,5800.0,4100.21,189024.0,7715.0,686.0,11576.8,18,0.0408149229727442,0.08891769280622165,0.5314594944912509,5.97698250728863,2.823465139590411,0.7069327586206897,16.875801749271137,2024,3
CMP-8136,Summer Promo - Instagram 2025 Q1,Instagram,2024-03-09,2024-04-09,6300.0,5868.67,399178.0,7328.0,338.0,13864.54,31,0.018357725125132146,0.04612445414847162,0.8008556222707424,17.36292899408284,2.3624671348022637,0.9315349206349206,41.019349112426035,2024,1
CMP-8137,Flash Sale - Email 2025 Q4,Email,2025-03-10,2025-05-07,16300.0,13448.77,11629972.0,761243.0,75945.0,231051.37,58,0.06545527366703892,0.09976446417241275,0.01766685539308736,0.17708565409177696,17.180111638462105,0.8250779141104295,3.0423513068668115,2025,1
CMP-8138,Back to School - Email 2025 Q2,Email,2024-07-18,2024-08-07,22800.0,16547.03,13413512.0,875632.0,100362.0,105596.6,20,0.06527984617302314,0.11461664260785352,0.01889724222047618,0.16487345808174408,6.381604432940534,0.7257469298245613,1.0521571909686933,2024,3
CMP-8139,Free Trial Push - Instagram 2024 Q4,Instagram,2024-09-07,2024-10-03,2800.0,2995.19,164869.0,2561.0,99.0,5825.01,26,0.015533544814367771,0.038656774697383836,1.169539242483405,30.254444444444445,1.9447881436569967,1.0697107142857143,58.83848484848485,2024,3
CMP-8140,Valentine's Special - LinkedIn 2024 Q3,LinkedIn,2024-10-14,2024-11-11,16200.0,14201.89,464625.0,9321.0,236.0,93407.9,28,0.02006133979015335,0.02531917176268641,1.5236444587490612,60.177499999999995,6.577145717929092,0.8766598765432099,395.79618644067796,2024,4
CMP-8141,Free Trial Push - Email 2024 Q1,Email,2024-02-07,2024-03-20,20000.0,20000.75,7710659.0,858042.0,41826.0,187097.92,42,0.11127998268371095,0.04874586558699924,0.023309756398870916,0.47818940372017404,9.35454520455483,1.0000375,4.473244393439487,2024,1
CMP-8142,Spring Sale - Email 2025 Q1,Email,2025-09-15,2025-10-18,21100.0,15952.68,5759364.0,272172.0,18681.0,255067.25,33,0.04725730132702152,0.06863674441162207,0.05861249503990124,0.8539521438895135,15.988990564594788,0.7560511848341233,13.653832771264922,2025,3
CMP-8143,Brand Awareness - Google Ads 2025 Q3,Google Ads,2025-04-24,2025-05-04,2200.0,2392.53,152238.0,7038.0,425.0,8392.97,10,0.04623024474835455,0.06038647342995169,0.3399445865302643,5.629482352941177,3.507989450498008,1.0875136363636364,19.748164705882353,2025,2
CMP-8144,New Product Launch - Email 2025 Q4,Email,2025-04-09,2025-05-31,3500.0,3104.46,1538831.0,170092.0,11916.0,43179.46,52,0.1105332554387064,0.07005620487736049,0.018251652047127438,0.2605287009063444,13.908847271345097,0.8869885714285715,3.6236539107082915,2025,2
CMP-8145,Cyber Monday - Google Ads 2024 Q2,Google Ads,2024-07-18,2024-08-28,9700.0,9870.05,436928.0,21361.0,1155.0,76980.23,41,0.04888906181338802,0.05407050231730724,0.4620593605168297,8.545497835497835,7.799375889686476,1.0175309278350515,66.64954978354977,2024,3
CMP-8146,Spring Sale - Google Ads 2024 Q2,Google Ads,2025-11-02,2025-12-07,4400.0,4072.31,226241.0,4579.0,200.0,12941.55,35,0.020239479139501682,0.04367765887748417,0.8893448351168377,20.36155,3.177938320019841,0.925525,64.70774999999999,2025,4
CMP-8147,Free Trial Push - Google Ads 2024 Q4,Google Ads,2025-07-22,2025-08-29,19300.0,20961.24,2807717.0,84471.0,4326.0,163189.53,38,0.030085297058072447,0.05121284227723124,0.24814717477003945,4.845409153952843,7.785299438392003,1.0860746113989639,37.722961165048545,2025,3
CMP-8148,Spring Sale - LinkedIn 2024 Q4,LinkedIn,2024-10-06,2024-11-15,24800.0,21922.32,1477494.0,22085.0,870.0,111725.43,40,0.014947607232245952,0.03939325333937061,0.9926339144215531,25.19806896551724,5.096423644942688,0.8839645161290323,128.4200344827586,2024,4
CMP-8149,Flash Sale - Instagram 2025 Q3,Instagram,2024-11-05,2024-12-01,600.0,608.61,78852.0,2769.0,148.0,1610.87,26,0.035116420636128444,0.05344889851932105,0.21979414951245937,4.11222972972973,2.646801728528943,1.01435,10.884256756756756,2024,4
CMP-8150,Valentine's Special - Instagram 2024 Q2,Instagram,2024-02-21,2024-03-04,8400.0,8837.88,625384.0,20357.0,416.0,42629.34,12,0.032551200542386756,0.020435231124428944,0.43414452031242323,21.244903846153843,4.823480291653654,1.0521285714285713,102.474375,2024,1
CMP-8151,Customer Retention - Facebook 2024 Q2,Facebook,2024-11-13,2024-12-03,20700.0,17758.02,1644774.0,38628.0,1959.0,35779.27,20,0.02348529342025105,0.050714507611059334,0.4597188567878223,9.064839203675344,2.014823161591213,0.8578753623188407,18.264047983665133,2024,4
CMP-8152,Free Trial Push - Instagram 2025 Q1,Instagram,2024-10-21,2024-11-24,4600.0,4182.82,235674.0,8429.0,185.0,14962.49,34,0.03576550658961107,0.02194803654051489,0.49624154703998097,22.609837837837837,3.577129783256272,0.9093086956521739,80.87832432432432,2024,4
CMP-8153,Holiday Deals - Google Ads 2024 Q3,Google Ads,2025-08-02,2025-08-30,7200.0,5126.78,272854.0,12327.0,955.0,15863.3,28,0.0451780072859478,0.077472215461994,0.415898434331143,5.368356020942408,3.0942033791190573,0.7120527777777778,16.610785340314134,2025,3
CMP-8154,Valentine's Special - Google Ads 2024 Q1,Google Ads,2025-07-20,2025-08-22,10000.0,7653.57,349741.0,22496.0,2137.0,21807.6,33,0.06432188390837791,0.09499466571834993,0.34021915007112374,3.5814553111839027,2.84933697607783,0.765357,10.204773046326626,2025,3
CMP-8155,Referral Program - LinkedIn 2025 Q3,LinkedIn,2024-01-20,2024-02-17,18500.0,19206.34,819138.0,11561.0,835.0,186868.15,28,0.014113616997380172,0.07222558602197042,1.6613043854337861,23.00160479041916,9.729503382737159,1.0381805405405407,223.79419161676645,2024,1
CMP-8156,Valentine's Special - Google Ads 2024 Q2,Google Ads,2024-08-04,2024-09-05,14300.0,15006.68,1130711.0,85204.0,3588.0,100119.19,32,0.07535435668353806,0.04211069902821464,0.17612647293554293,4.182463768115942,6.671641562290927,1.0494181818181818,27.90389910813824,2024,3
CMP-8157,Holiday Deals - Email 2024 Q4,Email,2025-04-20,2025-05-18,15500.0,13615.64,5616063.0,411512.0,24307.0,271799.62,28,0.07327410678975646,0.05906753630513813,0.03308686016446665,0.5601530423334842,19.962309520521988,0.8784283870967742,11.181948409923066,2025,2
CMP-8158,Valentine's Special - LinkedIn 2025 Q4,LinkedIn,2024-07-31,2024-08-16,23300.0,18739.14,1030104.0,12623.0,287.0,154145.35,16,0.012254102498388512,0.02273627505347382,1.4845234888695238,65.29317073170732,8.225849745505931,0.8042549356223175,537.0918118466899,2024,3
CMP-8159,Flash Sale - Instagram 2025 Q1,Instagram,2025-06-01,2025-07-02,2000.0,1637.96,89263.0,933.0,25.0,5071.17,31,0.010452259054703516,0.02679528403001072,1.7555841371918544,65.5184,3.096027986031405,0.81898,202.8468,2025,2
CMP-8160,Customer Retention - Facebook 2024 Q3,Facebook,2025-07-31,2025-09-28,13000.0,12583.43,779846.0,10837.0,698.0,47863.82,59,0.013896333378641424,0.06440896927193873,1.16115437851804,18.027836676217767,3.8037180641526196,0.9679561538461539,68.57280802292263,2025,3
CMP-8161,Valentine's Special - LinkedIn 2024 Q1,LinkedIn,2025-02-28,2025-04-01,13200.0,12191.52,527296.0,11749.0,899.0,105968.89,32,0.02228160274305134,0.07651715039577836,1.0376644820835816,13.561201334816463,8.692016253920757,0.9236000000000001,117.87418242491657,2025,1
CMP-8162,Spring Sale - LinkedIn 2024 Q4,LinkedIn,2025-10-20,2025-11-23,22700.0,17207.14,501473.0,12447.0,858.0,45505.95,34,0.024820877694312554,0.06893227283682815,1.3824327147103719,20.054941724941724,2.6445969521954256,0.7580237885462555,53.03723776223776,2025,4
CMP-8163,Referral Program - Instagram 2024 Q2,Instagram,2024-05-08,2024-05-24,9200.0,7540.14,564665.0,5670.0,258.0,24009.91,16,0.010041351952042362,0.0455026455026455,1.3298306878306878,29.225348837209303,3.1842790717413734,0.8195804347826088,93.06166666666667,2024,2
CMP-8164,Referral Program - Facebook 2024 Q2,Facebook,2025-05-27,2025-06-08,16400.0,13782.52,1913336.0,37393.0,1340.0,45820.26,12,0.019543352552818742,0.03583558420025138,0.36858556414302146,10.285462686567165,3.32451975400725,0.8403975609756098,34.194223880597015,2025,2
CMP-8165,Cyber Monday - Google Ads 2024 Q3,Google Ads,2025-05-03,2025-06-17,13700.0,12326.44,1988656.0,96164.0,4044.0,48515.76,45,0.048356276802021064,0.04205315918638992,0.1281814400399318,3.0480811078140455,3.9359101249022426,0.8997401459854015,11.996973293768546,2025,2
CMP-8166,Brand Awareness - Google Ads 2024 Q1,Google Ads,2024-08-13,2024-09-26,13600.0,14864.07,681941.0,19302.0,1766.0,64233.42,44,0.02830450141581163,0.0914931095223293,0.7700792663972645,8.416800679501698,4.321388421879068,1.0929463235294117,36.37226500566251,2024,3
CMP-8167,Black Friday - LinkedIn 2025 Q3,LinkedIn,2025-01-28,2025-02-22,4100.0,3413.49,255483.0,4643.0,177.0,14144.25,25,0.018173420540701337,0.038121903941417186,0.735190609519707,19.285254237288136,4.143633055904661,0.8325585365853658,79.91101694915254,2025,1
CMP-8168,Valentine's Special - Instagram 2024 Q3,Instagram,2025-08-12,2025-09-03,24000.0,18822.63,1163497.0,47036.0,1383.0,67403.04,22,0.04042640419356475,0.029403010460073136,0.4001749723615954,13.610000000000001,3.58095760263045,0.78427625,48.73683297180043,2025,3
CMP-8169,Spring Sale - Email 2025 Q2,Email,2024-12-20,2025-02-02,14400.0,15451.36,5603198.0,471976.0,20456.0,146393.11,44,0.08423332532600133,0.043341186840008816,0.0327375968269573,0.7553461087211576,9.474448203912146,1.0730111111111111,7.156487583105201,2024,4
CMP-8170,Cyber Monday - Facebook 2025 Q4,Facebook,2025-10-28,2025-11-25,12900.0,13021.21,900196.0,29549.0,1689.0,31745.76,28,0.032825073650627194,0.05715929473078615,0.4406649971234221,7.709419775014801,2.4380038414248753,1.0093961240310076,18.79559502664298,2025,4
CMP-8171,Summer Promo - Instagram 2024 Q1,Instagram,2025-09-15,2025-11-08,21200.0,22554.45,4918330.0,293075.0,7857.0,42904.54,54,0.0595883155461305,0.026808837328328925,0.07695794591828031,2.870618556701031,1.9022649632334196,1.0638891509433963,5.460677103220059,2025,3
CMP-8172,Flash Sale - LinkedIn 2025 Q1,LinkedIn,2024-08-11,2024-09-24,20600.0,16045.16,1193794.0,25965.0,1778.0,82891.35,44,0.021749983665523533,0.06847679568650106,0.6179533988060851,9.02427446569179,5.166127978779894,0.7788912621359223,46.62055680539933,2024,3
CMP-8173,Summer Promo - Instagram 2024 Q3,Instagram,2024-11-01,2024-12-10,9300.0,6849.75,934666.0,53479.0,1543.0,12730.62,39,0.057217230540107376,0.02885244675480095,0.1280829858449111,4.439241736876215,1.8585525019161284,0.7365322580645162,8.250563836681788,2024,4
CMP-8174,Valentine's Special - Facebook 2024 Q2,Facebook,2024-08-04,2024-08-11,1400.0,1361.74,225691.0,7002.0,445.0,3866.8,7,0.03102471963879818,0.06355327049414453,0.19447872036560981,3.0600898876404496,2.8396022735617668,0.9726714285714286,8.68943820224719,2024,3
CMP-8175,Year End Clearance - Google Ads 2024 Q3,Google Ads,2025-07-07,2025-07-17,11400.0,8959.75,948440.0,60087.0,2236.0,21154.71,10,0.06335350681118468,0.037212708239719075,0.14911295288498344,4.0070438282647585,2.3610826194927315,0.7859429824561404,9.460961538461538,2025,3
CMP-8176,Referral Program - Google Ads 2024 Q3,Google Ads,2025-01-23,2025-03-12,8700.0,6683.42,345070.0,19864.0,1503.0,18396.78,48,0.05756513171240618,0.07566451872734595,0.3364589206604913,4.446719893546241,2.7525997169114014,0.7682091954022988,12.24003992015968,2025,1
CMP-8177,Flash Sale - Email 2025 Q1,Email,2024-06-05,2024-06-20,9000.0,7497.94,4140820.0,296683.0,30922.0,109280.2,15,0.07164836916359561,0.10422572240404741,0.025272563645372333,0.24247914106461418,14.574696516643238,0.8331044444444444,3.534059892633077,2024,2
CMP-8178,Free Trial Push - Facebook 2024 Q3,Facebook,2024-06-04,2024-06-26,15200.0,13093.35,912377.0,41932.0,2535.0,69056.51,22,0.045959071743369245,0.06045502241724697,0.3122519793952113,5.165029585798817,5.274166657119835,0.8614046052631579,27.24122682445759,2024,2
CMP-8179,Black Friday - Instagram 2024 Q4,Instagram,2025-05-27,2025-06-08,9500.0,7810.21,402763.0,14990.0,247.0,19025.56,12,0.03721791723668758,0.01647765176784523,0.5210280186791194,31.62028340080972,2.435985716133113,0.8221273684210526,77.02655870445345,2025,2
CMP-8180,Brand Awareness - Google Ads 2024 Q4,Google Ads,2024-04-16,2024-05-15,7400.0,5481.36,393592.0,13134.0,885.0,21292.42,29,0.0333695806825342,0.06738236637734125,0.417341251713111,6.193627118644067,3.884514062203541,0.7407243243243243,24.059231638418076,2024,2
CMP-8181,Spring Sale - LinkedIn 2025 Q4,LinkedIn,2025-01-03,2025-02-06,3900.0,4120.19,117223.0,1989.0,134.0,29758.24,34,0.01696765993021847,0.06737053795877325,2.071488185017597,30.747686567164177,7.222540708074144,1.0564589743589743,222.07641791044776,2025,1
CMP-8182,Flash Sale - Google Ads 2025 Q3,Google Ads,2025-05-19,2025-06-30,8700.0,6762.62,907115.0,57533.0,2313.0,18352.62,42,0.06342415239523104,0.04020301392244451,0.1175433229624737,2.923744055339386,2.713832804445614,0.7773126436781609,7.934552529182879,2025,2
CMP-8183,Spring Sale - Facebook 2025 Q3,Facebook,2025-08-12,2025-09-12,20200.0,15794.92,2466699.0,63579.0,1884.0,36423.27,31,0.025774932409669764,0.02963242580097202,0.2484298274587521,8.383715498938429,2.3060116797046137,0.7819267326732673,19.33294585987261,2025,3
CMP-8184,Valentine's Special - Facebook 2024 Q2,Facebook,2025-07-25,2025-09-07,9600.0,10368.15,915863.0,43011.0,1114.0,52904.95,44,0.04696226400673463,0.02590035107298133,0.24105810141591685,9.307136445242369,5.102641261941619,1.080015625,47.49097845601436,2025,3
CMP-8185,Flash Sale - Google Ads 2024 Q3,Google Ads,2025-08-19,2025-10-09,7300.0,7298.31,1097274.0,54382.0,3543.0,54000.11,51,0.049561002994694126,0.06515023353315436,0.13420451620021331,2.0599237933954275,7.398988258925696,0.999768493150685,15.241351961614452,2025,3
CMP-8186,Free Trial Push - Email 2024 Q2,Email,2025-07-06,2025-08-29,12100.0,10406.09,6165853.0,428074.0,27995.0,97613.31,54,0.06942656595932468,0.06539757144792722,0.02430909141877339,0.3717124486515449,9.38040224522371,0.8600074380165289,3.486812287908555,2025,3
CMP-8187,Year End Clearance - Google Ads 2024 Q1,Google Ads,2025-03-13,2025-04-27,11200.0,9688.78,453595.0,19904.0,1190.0,61983.5,45,0.04388055423891357,0.059786977491961414,0.4867755225080386,8.14183193277311,6.397451485119901,0.8650696428571429,52.08697478991596,2025,1
CMP-8188,Cyber Monday - Email 2025 Q2,Email,2024-05-17,2024-06-06,20100.0,15673.38,5656993.0,575577.0,29702.0,181945.9,20,0.10174610433493554,0.051603868813382046,0.027230726731610193,0.5276876977981281,11.60859367921916,0.7797701492537313,6.1257120732610595,2024,2
CMP-8189,Flash Sale - LinkedIn 2025 Q2,LinkedIn,2024-07-20,2024-07-31,3800.0,3876.64,111036.0,1483.0,71.0,11137.56,11,0.01335602867538456,0.04787592717464599,2.614052596089009,54.60056338028169,2.872993107433241,1.0201684210526316,156.8670422535211,2024,3
CMP-8190,Customer Retention - Google Ads 2025 Q3,Google Ads,2025-04-25,2025-05-27,8300.0,7890.37,569322.0,32553.0,1043.0,20054.61,32,0.057178538682854343,0.0320400577519737,0.24238534082880225,7.5650719079578135,2.54165647491816,0.9506469879518072,19.227813998082453,2025,2
CMP-8191,Referral Program - Email 2024 Q2,Email,2024-05-25,2024-07-07,9500.0,9059.19,3327026.0,92956.0,5268.0,70914.35,43,0.02793966743872756,0.056671973837084215,0.09745675373294893,1.7196640091116173,7.827890793768538,0.9535989473684211,13.461342065299926,2024,2
CMP-8192,Holiday Deals - Instagram 2025 Q2,Instagram,2025-11-18,2025-12-29,4400.0,3594.76,449819.0,23878.0,384.0,10594.92,41,0.05308357361516521,0.01608174889019181,0.15054694698048413,9.361354166666667,2.9473233261747653,0.8169909090909091,27.5909375,2025,4
CMP-8193,Year End Clearance - LinkedIn 2024 Q3,LinkedIn,2025-07-11,2025-08-10,2500.0,2470.14,76372.0,1879.0,38.0,23374.1,30,0.02460325773843817,0.020223523150612027,1.3146035125066524,65.00368421052632,9.462662035350222,0.9880559999999999,615.107894736842,2025,3
CMP-8194,Back to School - Facebook 2024 Q3,Facebook,2025-06-21,2025-07-02,14000.0,14674.25,1799034.0,71359.0,2458.0,61460.45,11,0.039665175866603966,0.03444554996566656,0.20563979315853642,5.9699959316517495,4.188319675622263,1.0481607142857143,25.004251423921886,2025,2
CMP-8195,Customer Retention - LinkedIn 2024 Q3,LinkedIn,2025-11-21,2025-12-03,16100.0,16270.35,643803.0,13309.0,523.0,79634.71,12,0.020672472790589667,0.039296716507626415,1.2225073258697123,31.109655831739964,4.894468158337098,1.010580745341615,152.26521988527725,2025,4
CMP-8196,Referral Program - Instagram 2025 Q1,Instagram,2025-07-14,2025-08-16,5700.0,4999.9,266393.0,7106.0,140.0,13849.18,33,0.026674875090561687,0.019701660568533633,0.7036166619757951,35.71357142857143,2.7698913978279567,0.8771754385964912,98.92271428571429,2025,3
CMP-8197,Referral Program - Instagram 2025 Q1,Instagram,2024-01-28,2024-02-13,6400.0,5055.31,449017.0,12946.0,462.0,12737.93,16,0.028831870508243564,0.035686698594160356,0.3904920438745559,10.942229437229438,2.5197129355074166,0.7898921875,27.571277056277058,2024,1
CMP-8198,Holiday Deals - Instagram 2024 Q1,Instagram,2025-11-05,2025-11-17,23600.0,18922.55,1395822.0,76836.0,2820.0,57505.89,12,0.05504713351702438,0.03670154615024208,0.2462719298245614,6.710124113475177,3.039013769285852,0.8018029661016949,20.392159574468085,2025,4
CMP-8199,Seasonal Collection - Google Ads 2024 Q3,Google Ads,2025-06-17,2025-07-16,17600.0,15913.79,923030.0,39885.0,3069.0,61703.69,29,0.043210946556449956,0.07694622038360285,0.39899185157327316,5.185333985011405,3.877372392120293,0.9041926136363637,20.105470837406322,2025,2
CMP-8200,Brand Awareness - Facebook 2024 Q2,Facebook,2025-05-01,2025-06-20,4900.0,4533.4,384771.0,12846.0,496.0,24206.8,50,0.03338609198718199,0.03861124085318387,0.3529036275883543,9.139919354838709,5.339656769753386,0.9251836734693877,48.80403225806452,2025,2
CMP-8201,Flash Sale - Google Ads 2025 Q3,Google Ads,2025-11-16,2025-12-02,11600.0,11058.03,844862.0,57584.0,4001.0,74563.24,16,0.06815787667098296,0.06948110586273964,0.19203303000833566,2.763816545863534,6.742904477560651,0.9532784482758622,18.636150962259435,2025,4
CMP-8202,Referral Program - LinkedIn 2024 Q3,LinkedIn,2024-09-01,2024-10-19,18900.0,14813.54,543967.0,13419.0,989.0,30315.73,48,0.024668775863241704,0.07370146806766525,1.103922796035472,14.97830131445905,2.046487875281668,0.7837851851851853,30.652912032355914,2024,3
CMP-8203,Flash Sale - LinkedIn 2025 Q4,LinkedIn,2025-05-20,2025-07-16,16500.0,17753.47,402602.0,2071.0,140.0,147051.42,57,0.0051440380325979505,0.06760019314340898,8.572414292612265,126.8105,8.282967780383215,1.0759678787878788,1050.3672857142858,2025,2
CMP-8204,Flash Sale - Email 2025 Q1,Email,2024-07-05,2024-07-25,11500.0,9379.09,4182982.0,279200.0,31074.0,170724.12,20,0.06674664151076912,0.11129656160458452,0.03359272922636103,0.3018307910149965,18.20263159858792,0.8155730434782609,5.494114693956362,2024,3
CMP-8205,New Product Launch - Facebook 2025 Q1,Facebook,2025-05-21,2025-07-20,8400.0,8929.58,1499644.0,16389.0,629.0,18691.8,60,0.010928593719576113,0.038379400817621576,0.5448520349014583,14.196470588235295,2.0932451470281914,1.063045238095238,29.716693163751987,2025,2
CMP-8206,Holiday Deals - Facebook 2024 Q4,Facebook,2024-11-22,2025-01-09,9200.0,7228.77,519185.0,16692.0,804.0,28862.01,48,0.03215038955285688,0.04816678648454349,0.43306793673616106,8.991007462686568,3.9926585020688163,0.7857358695652175,35.8980223880597,2024,4
CMP-8207,Spring Sale - Instagram 2024 Q4,Instagram,2025-10-02,2025-11-19,5700.0,4399.95,985127.0,53928.0,2657.0,21126.03,48,0.05474218044983033,0.049269396232013055,0.08158934134401424,1.6559841926985321,4.801425016193366,0.771921052631579,7.951083929243508,2025,4
CMP-8208,Spring Sale - Google Ads 2024 Q3,Google Ads,2025-05-26,2025-07-24,22100.0,18478.25,845986.0,18891.0,609.0,82954.33,59,0.022330156763823515,0.032237573447673494,0.9781509713620242,30.341954022988507,4.489295793703408,0.8361199095022624,136.2140065681445,2025,2
CMP-8209,Black Friday - LinkedIn 2024 Q1,LinkedIn,2024-09-20,2024-10-31,12000.0,11245.24,251142.0,3634.0,231.0,84395.42,41,0.014469901489993709,0.0635663181067694,3.0944523940561366,48.68069264069264,7.504990556004141,0.9371033333333333,365.3481385281385,2024,3
CMP-8210,Holiday Deals - Instagram 2025 Q3,Instagram,2024-08-27,2024-09-05,22700.0,20038.16,1921015.0,109530.0,3975.0,52245.96,9,0.05701673334148875,0.03629142700629964,0.1829467725737241,5.041046540880503,2.6073232272823454,0.8827383259911894,13.143637735849056,2024,3
CMP-8211,Summer Promo - Facebook 2025 Q1,Facebook,2024-01-11,2024-02-10,15400.0,16251.91,1234204.0,58601.0,1735.0,39207.51,30,0.04748080544221215,0.029607003293459156,0.277331615501442,9.367095100864553,2.4124862862272805,1.055318831168831,22.59798847262248,2024,1
CMP-8212,Back to School - LinkedIn 2024 Q4,LinkedIn,2024-12-03,2025-01-04,4600.0,4500.22,277503.0,4178.0,257.0,16938.04,32,0.015055693091606218,0.06151268549545237,1.077123025370991,17.51058365758755,3.7638248796725495,0.9783086956521739,65.90677042801556,2024,4
CMP-8213,Flash Sale - LinkedIn 2025 Q4,LinkedIn,2025-08-12,2025-08-28,7500.0,6231.13,286351.0,3210.0,140.0,45638.31,16,0.011210018473831067,0.04361370716510903,1.9411619937694704,44.50807142857143,7.324242954327706,0.8308173333333333,325.98792857142854,2025,3
CMP-8214,New Product Launch - Google Ads 2024 Q2,Google Ads,2024-08-26,2024-09-20,2700.0,1913.48,155806.0,9412.0,923.0,14853.76,25,0.06040845667047482,0.09806629834254144,0.20330216744581386,2.073109425785482,7.762694148880573,0.7086962962962963,16.092914409534128,2024,3
CMP-8215,Brand Awareness - Instagram 2024 Q4,Instagram,2025-01-24,2025-03-01,23600.0,16988.06,1573389.0,63661.0,1440.0,37706.69,36,0.04046106843253639,0.02261981432902405,0.2668519187571669,11.79726388888889,2.2195995304937703,0.7198330508474576,26.185201388888892,2025,1
CMP-8216,New Product Launch - Facebook 2025 Q4,Facebook,2025-10-04,2025-10-31,21000.0,17398.81,1543862.0,64610.0,2858.0,59185.45,27,0.041849595365388875,0.044234638600835784,0.2692897384305835,6.087757172848146,3.4016952883559273,0.8285147619047619,20.708694891532538,2025,4
CMP-8217,Cyber Monday - Email 2024 Q2,Email,2025-08-22,2025-10-09,22200.0,23057.8,7819044.0,198284.0,7720.0,296780.68,48,0.025359110397639405,0.038934054184906496,0.11628674023118356,2.986761658031088,12.87116203627406,1.0386396396396396,38.4430932642487,2025,3
CMP-8218,Summer Promo - Email 2025 Q1,Email,2024-07-30,2024-09-13,6000.0,5320.68,6771648.0,402527.0,28884.0,27805.79,45,0.059442989357981986,0.07175667719184055,0.013218194059032067,0.18420855837141673,5.22598427268695,0.88678,0.9626710289433597,2024,3
CMP-8219,Year End Clearance - Google Ads 2025 Q2,Google Ads,2025-10-16,2025-11-11,18200.0,16777.62,1183126.0,90498.0,5688.0,56782.83,26,0.07649058511096873,0.06285221772856858,0.18539216336272624,2.949651898734177,3.3844389132666017,0.9218472527472527,9.982916666666666,2025,4
CMP-8220,Back to School - Facebook 2024 Q4,Facebook,2025-03-04,2025-03-19,23400.0,20443.38,4666634.0,100786.0,2561.0,83048.69,15,0.021597151180058262,0.02541027523664001,0.20283948167404203,7.982577118313159,4.062375693256203,0.873648717948718,32.42822725497852,2025,1
CMP-8221,Summer Promo - LinkedIn 2025 Q1,LinkedIn,2025-05-05,2025-05-15,1200.0,1154.12,28450.0,606.0,20.0,7688.5,10,0.021300527240773286,0.033003300330033,1.9044884488448843,57.705999999999996,6.661785602883583,0.9617666666666665,384.425,2025,2
CMP-8222,Black Friday - LinkedIn 2024 Q4,LinkedIn,2025-03-09,2025-04-29,8400.0,8893.04,268917.0,5296.0,310.0,26515.53,51,0.019693808870394954,0.05853474320241692,1.679199395770393,28.687225806451615,2.9816047155978156,1.0586952380952381,85.53396774193548,2025,1
CMP-8223,Back to School - Instagram 2025 Q2,Instagram,2025-07-30,2025-08-16,14300.0,12164.22,624959.0,37032.0,2104.0,43435.81,17,0.059255087133715974,0.056815726938863685,0.32847861309138043,5.781473384030418,3.5707846454602103,0.8506447552447552,20.6443963878327,2025,3
CMP-8224,Referral Program - Google Ads 2024 Q3,Google Ads,2024-03-13,2024-04-12,11300.0,10339.45,913640.0,56311.0,2179.0,30931.62,30,0.06163368504005954,0.03869581431691854,0.18361332599314523,4.745043597980725,2.9916117395025843,0.914995575221239,14.19532813217072,2024,1
CMP-8225,Cyber Monday - Email 2025 Q1,Email,2024-08-24,2024-10-13,5400.0,5456.92,2250803.0,140811.0,15468.0,106435.32,50,0.06256033957658667,0.10984937256322304,0.03875350647321587,0.35278769071631755,19.504650975275432,1.0105407407407407,6.88100077579519,2024,3
CMP-8226,Year End Clearance - Facebook 2025 Q4,Facebook,2024-05-16,2024-05-28,21000.0,22187.32,7277248.0,146202.0,9281.0,55828.92,12,0.020090286877676836,0.06348066373921013,0.15175797868702207,2.3906173903674173,2.516253427633441,1.0565390476190477,6.015399202672126,2024,2
CMP-8227,Seasonal Collection - Instagram 2025 Q4,Instagram,2025-08-23,2025-09-23,7100.0,6072.19,711473.0,32407.0,1817.0,26442.75,31,0.04554916349601461,0.056068133427963095,0.18737278982935784,3.341876719867914,4.354730336171958,0.8552380281690141,14.552971931755641,2025,3
CMP-8228,Customer Retention - Google Ads 2024 Q4,Google Ads,2025-08-22,2025-08-31,23700.0,23321.05,3947288.0,208397.0,8838.0,174296.17,9,0.05279498227643891,0.04240943967523525,0.1119068412693081,2.638724824620955,7.473770263345776,0.9840105485232067,19.721223127404393,2025,3
CMP-8229,Seasonal Collection - Google Ads 2025 Q1,Google Ads,2025-11-13,2025-11-22,4300.0,3484.74,388117.0,21553.0,1690.0,14167.48,9,0.05553222353053332,0.07841135804760359,0.16168236440402728,2.0619763313609467,4.065577345799113,0.8104046511627907,8.383124260355029,2025,4
CMP-8230,Customer Retention - Facebook 2024 Q3,Facebook,2024-10-23,2024-12-18,5300.0,5623.17,945333.0,20501.0,835.0,9633.17,56,0.02168653797127573,0.04072972050143896,0.2742875957270377,6.7343353293413175,1.7131208908853903,1.0609754716981132,11.536730538922155,2024,4
CMP-8231,Cyber Monday - Instagram 2024 Q2,Instagram,2025-04-16,2025-05-11,20300.0,15155.8,947541.0,33683.0,661.0,57336.04,25,0.03554780215315221,0.019624142742629812,0.44995398272125403,22.9285930408472,3.7831087768379104,0.7465911330049261,86.74136157337368,2025,2
CMP-8232,Cyber Monday - Email 2024 Q3,Email,2024-05-18,2024-06-03,5000.0,5269.1,2367630.0,114831.0,4719.0,37763.21,16,0.04850039913331053,0.04109517464796092,0.04588569288780905,1.1165713074803985,7.166918449070998,1.05382,8.002375503284593,2024,2
CMP-8233,Flash Sale - Instagram 2025 Q3,Instagram,2024-06-24,2024-07-25,13900.0,12233.23,734454.0,28048.0,740.0,22442.1,31,0.03818891312457962,0.026383342840844266,0.4361533799201369,16.531391891891893,1.8345195831354433,0.880088489208633,30.32716216216216,2024,2
CMP-8234,Flash Sale - Instagram 2025 Q4,Instagram,2025-03-29,2025-04-13,10100.0,11003.85,1916997.0,102532.0,4753.0,34773.35,15,0.05348573837100423,0.04635625950922639,0.10732112901338119,2.3151378077004,3.16010759870409,1.089490099009901,7.316084578161161,2025,1
CMP-8235,Flash Sale - LinkedIn 2024 Q2,LinkedIn,2025-05-05,2025-05-31,22000.0,24067.69,1045697.0,24139.0,656.0,88203.07,26,0.023084124751242472,0.0271759393512573,0.9970458593976552,36.68855182926829,3.6647916771405984,1.093985909090909,134.4558993902439,2025,2
CMP-8236,Spring Sale - Google Ads 2024 Q1,Google Ads,2024-07-05,2024-07-27,9200.0,6809.58,364724.0,28294.0,2291.0,21314.07,22,0.07757646878187342,0.08097123064960769,0.24067222732734855,2.972317765168049,3.1300124236737066,0.7401717391304348,9.30339153208206,2024,3
CMP-8237,Back to School - Google Ads 2024 Q1,Google Ads,2025-02-08,2025-03-28,13300.0,13975.86,1616976.0,68561.0,3793.0,100008.78,48,0.04240075301055798,0.055322997039133036,0.20384562652236696,3.6846453994199844,7.155822969033748,1.0508165413533834,26.366670181914053,2025,1
CMP-8238,Customer Retention - Google Ads 2025 Q3,Google Ads,2025-06-02,2025-06-19,5100.0,5398.25,447295.0,14251.0,1169.0,33608.6,17,0.03186040532534457,0.08202933127499824,0.3787979790891867,4.617835757057314,6.225832445699995,1.0584803921568628,28.749871685201025,2025,2
CMP-8239,Referral Program - Google Ads 2024 Q2,Google Ads,2024-07-11,2024-08-31,3300.0,3413.09,188505.0,13439.0,1044.0,22256.52,51,0.07129253865945201,0.07768435151424957,0.2539690453158717,3.2692432950191574,6.52092971471599,1.034269696969697,21.318505747126437,2024,3
CMP-8240,New Product Launch - Facebook 2025 Q1,Facebook,2024-07-08,2024-08-12,12500.0,13569.92,2792673.0,39376.0,2481.0,59130.98,35,0.014099753175541855,0.06300792360828932,0.3446241365298659,5.469536477226924,4.357503949912749,1.0855936,23.83352680370818,2024,3
CMP-8241,Free Trial Push - Google Ads 2024 Q4,Google Ads,2024-08-12,2024-10-06,9800.0,9753.92,394100.0,19278.0,1235.0,55465.16,55,0.04891651865008881,0.06406266210187779,0.5059611992945326,7.897910931174089,5.686448115219317,0.9952979591836735,44.91106072874494,2024,3
CMP-8242,Referral Program - Instagram 2025 Q2,Instagram,2025-06-06,2025-08-02,18200.0,13885.06,3063445.0,108719.0,3896.0,33656.88,57,0.03548913070089393,0.03583550253405569,0.12771511879248337,3.5639271047227923,2.423963598284775,0.7629153846153846,8.6388295687885,2025,2
CMP-8243,New Product Launch - Instagram 2024 Q1,Instagram,2025-11-06,2025-12-03,2700.0,2734.42,368177.0,11423.0,331.0,4102.83,27,0.03102583811590621,0.0289766261052263,0.23937844699290906,8.261087613293052,1.5004388499206411,1.0127481481481482,12.395256797583082,2025,4
CMP-8244,Spring Sale - Instagram 2024 Q2,Instagram,2025-03-12,2025-05-07,3400.0,3469.69,185753.0,7503.0,229.0,14403.25,56,0.04039234897955888,0.03052112488337998,0.4624403571904572,15.151484716157205,4.151163360415484,1.0204970588235294,62.896288209606986,2025,1
CMP-8245,Referral Program - Email 2024 Q1,Email,2025-08-17,2025-09-30,15500.0,11395.9,5874453.0,415915.0,42052.0,181002.02,44,0.0708006345441865,0.10110719738408089,0.027399588858300374,0.27099543422429373,15.883082512131555,0.7352193548387097,4.304242842195377,2025,3
CMP-8246,Flash Sale - LinkedIn 2025 Q1,LinkedIn,2025-06-11,2025-07-09,14500.0,11851.21,658344.0,6451.0,324.0,48261.02,28,0.00979882857594206,0.05022477135327856,1.8371120756471864,36.57780864197531,4.072244099969539,0.8173248275862068,148.95376543209875,2025,2
CMP-8247,Back to School - Google Ads 2025 Q2,Google Ads,2024-05-23,2024-06-12,16500.0,16078.85,2980776.0,162242.0,14005.0,118445.68,20,0.054429450586021895,0.08632166763230237,0.09910411607351981,1.1480792574080685,7.366551712342611,0.9744757575757576,8.45738521956444,2024,2
CMP-8248,Black Friday - Facebook 2024 Q3,Facebook,2025-05-13,2025-06-15,3200.0,2543.97,145252.0,5724.0,375.0,10204.01,33,0.03940737476936634,0.06551362683438156,0.44443920335429765,6.783919999999999,4.011057520332394,0.794990625,27.210693333333335,2025,2
CMP-8249,Summer Promo - Google Ads 2025 Q1,Google Ads,2025-04-05,2025-04-17,900.0,986.4,55960.0,3388.0,336.0,5653.6,12,0.06054324517512509,0.09917355371900827,0.29114521841794566,2.9357142857142855,5.731549067315491,1.096,16.826190476190476,2025,2
CMP-8250,Flash Sale - Google Ads 2024 Q4,Google Ads,2024-10-09,2024-10-30,14300.0,12896.8,990762.0,38197.0,3187.0,61763.84,21,0.03855315403699375,0.0834358719271147,0.3376390816032673,4.046689676812049,4.789082563116432,0.9018741258741259,19.37993096956385,2024,4
CMP-8251,Holiday Deals - LinkedIn 2024 Q4,LinkedIn,2025-02-19,2025-03-22,8000.0,8197.42,344023.0,9878.0,765.0,31130.28,31,0.02871319650139671,0.07744482688803402,0.8298663697104677,10.715581699346405,3.7975704550944074,1.0246775,40.693176470588234,2025,1
CMP-8252,Seasonal Collection - LinkedIn 2025 Q1,LinkedIn,2024-09-30,2024-10-14,10900.0,8449.1,486503.0,9654.0,708.0,29042.26,14,0.01984365975132733,0.07333747669359851,0.8751916304122643,11.933757062146894,3.4373199512374097,0.7751467889908257,41.020141242937854,2024,3
CMP-8253,Seasonal Collection - Google Ads 2024 Q3,Google Ads,2024-02-08,2024-03-11,17000.0,16618.91,844728.0,18518.0,1454.0,36421.9,32,0.021921849400043564,0.07851819850955827,0.8974462684955179,11.429786795048143,2.191593792854044,0.9775829411764706,25.04944979367263,2024,1
CMP-8254,Summer Promo - Facebook 2024 Q1,Facebook,2025-05-31,2025-06-09,22600.0,21634.01,4332008.0,45426.0,2789.0,43896.86,9,0.010486130219519448,0.06139655703781975,0.4762473033064764,7.756905700968089,2.029067195586949,0.9572570796460176,15.739282897095734,2025,2
CMP-8255,Referral Program - Facebook 2025 Q3,Facebook,2024-11-25,2024-12-16,15800.0,13857.55,2914031.0,73998.0,2542.0,57491.24,21,0.02539369004653691,0.03435227979134571,0.1872692505202843,5.451435877261998,4.148730475444793,0.8770601265822784,22.616538158929977,2024,4
CMP-8256,Customer Retention - Email 2024 Q2,Email,2024-11-18,2025-01-15,2600.0,2333.42,1259600.0,115502.0,9690.0,34994.47,58,0.09169736424261671,0.08389465117487144,0.020202420737303252,0.24080701754385966,14.997072965861268,0.8974692307692308,3.611400412796698,2024,4
CMP-8257,New Product Launch - Instagram 2025 Q3,Instagram,2024-04-23,2024-06-22,23300.0,18871.85,1695410.0,78256.0,1393.0,90737.01,60,0.04615756660630762,0.017800552034348802,0.24115531077489263,13.547631012203876,4.808061212864664,0.809950643776824,65.1378391959799,2024,2
CMP-8258,Back to School - Facebook 2025 Q4,Facebook,2024-07-15,2024-09-08,9000.0,9649.56,596463.0,19277.0,1256.0,36818.51,55,0.03231885297160092,0.06515536649893655,0.5005737407272915,7.682770700636942,3.8155636111905626,1.0721733333333332,29.31410031847134,2024,3
CMP-8259,Brand Awareness - Facebook 2025 Q2,Facebook,2025-03-23,2025-05-21,24000.0,21810.6,3357431.0,95395.0,5308.0,83544.68,59,0.028413093225147443,0.055642329262539966,0.22863462445620839,4.109005275056518,3.830462252299341,0.9087749999999999,15.739389600602863,2025,1
CMP-8260,Referral Program - Google Ads 2025 Q3,Google Ads,2025-05-11,2025-06-02,17700.0,17262.96,732772.0,40530.0,2866.0,66289.4,22,0.055310519506749714,0.07071305206020231,0.4259304219096965,6.023363572923936,3.839978775366449,0.9753084745762711,23.129588276343334,2025,2
CMP-8261,Seasonal Collection - Instagram 2024 Q2,Instagram,2024-05-12,2024-06-17,18500.0,15950.88,1122205.0,60947.0,3372.0,64343.33,36,0.05431004139172433,0.05532675931547082,0.2617172297241866,4.730391459074733,4.033842020001405,0.8622097297297296,19.081651838671412,2024,2
CMP-8262,Year End Clearance - Facebook 2025 Q3,Facebook,2025-01-04,2025-02-04,15100.0,10677.72,845504.0,39914.0,845.0,53683.78,31,0.047207346150934824,0.021170516610713033,0.26751816405271334,12.636355029585799,5.027644478409249,0.7071337748344371,63.531100591715976,2025,1
CMP-8263,Valentine's Special - Facebook 2025 Q1,Facebook,2024-08-15,2024-09-04,21900.0,20602.65,2099741.0,104925.0,4528.0,105731.1,20,0.049970448736296524,0.0431546342625685,0.19635596854896356,4.550055212014135,5.131917496050265,0.9407602739726028,23.350507950530037,2024,3
CMP-8264,Free Trial Push - Facebook 2025 Q3,Facebook,2024-07-18,2024-08-23,7000.0,6656.96,956248.0,18242.0,467.0,11280.88,36,0.019076641206046966,0.025600263129042868,0.3649248985856814,14.254732334047109,1.6945993366341392,0.9509942857142857,24.156059957173447,2024,3
CMP-8265,Brand Awareness - Instagram 2025 Q2,Instagram,2024-06-17,2024-08-05,23200.0,17954.48,3866634.0,221305.0,8538.0,29207.0,49,0.05723453525728062,0.03858023994035381,0.0811300241747814,2.1028906066994613,1.6267249176807126,0.7739,3.420824549074725,2024,2
CMP-8266,Summer Promo - LinkedIn 2024 Q2,LinkedIn,2024-07-20,2024-09-10,1600.0,1277.34,34886.0,428.0,23.0,6971.2,52,0.012268531789256435,0.053738317757009345,2.9844392523364482,55.53652173913043,5.457591557455337,0.7983374999999999,303.09565217391304,2024,3
CMP-8267,Flash Sale - Google Ads 2024 Q4,Google Ads,2025-06-09,2025-06-17,2400.0,2309.35,239799.0,18909.0,1441.0,9377.49,8,0.07885353983961568,0.07620709714950552,0.12212967370035432,1.6026023594725884,4.060662091064585,0.9622291666666666,6.507626648160999,2025,2
CMP-8268,Summer Promo - Google Ads 2025 Q1,Google Ads,2024-11-26,2025-01-19,4100.0,4458.36,223135.0,6998.0,529.0,27276.28,54,0.031362179846281396,0.07559302657902257,0.6370905973135181,8.42790170132325,6.118007518459703,1.0874048780487804,51.56196597353497,2024,4
CMP-8269,Black Friday - Facebook 2025 Q2,Facebook,2024-03-18,2024-05-01,9800.0,7617.89,1142399.0,27847.0,686.0,29640.69,44,0.024375896687584636,0.024634610550508133,0.27356232269185193,11.104795918367348,3.890931740941389,0.7773357142857144,43.20800291545189,2024,1
CMP-8270,Year End Clearance - LinkedIn 2024 Q1,LinkedIn,2025-01-01,2025-03-02,14500.0,11388.12,654973.0,15574.0,820.0,71058.35,60,0.02377807940174633,0.052651855656864005,0.7312264029793246,13.887951219512196,6.239691011334619,0.7853875862068966,86.65652439024392,2025,1
CMP-8271,Seasonal Collection - Facebook 2024 Q4,Facebook,2025-10-03,2025-11-11,21200.0,19462.68,1203595.0,37027.0,1369.0,115408.31,39,0.03076367050378242,0.03697301968833554,0.5256348070327058,14.216712929145363,5.929723450213434,0.9180509433962264,84.30117604090577,2025,4
CMP-8272,Cyber Monday - Facebook 2025 Q4,Facebook,2024-04-09,2024-04-21,10100.0,10026.81,636382.0,21738.0,632.0,56174.11,12,0.034158728562404345,0.029073511822614775,0.46125724537675955,15.865205696202532,5.602390989756463,0.9927534653465346,88.88308544303797,2024,2
CMP-8273,New Product Launch - Email 2025 Q3,Email,2025-08-08,2025-09-05,1800.0,1403.48,653431.0,21564.0,883.0,16095.19,28,0.03300118910795478,0.04094787608977926,0.06508439992580227,1.589445073612684,11.468057970188388,0.7797111111111111,18.227848244620613,2025,3
CMP-8274,Referral Program - Facebook 2024 Q1,Facebook,2025-03-14,2025-05-13,2500.0,1766.43,375034.0,6633.0,362.0,7771.2,60,0.01768639643339004,0.054575606814412786,0.2663093622795115,4.879640883977901,4.399381803977514,0.706572,21.467403314917128,2025,1
CMP-8275,New Product Launch - Instagram 2024 Q1,Instagram,2024-11-21,2024-12-09,3300.0,2566.62,270833.0,14018.0,763.0,6364.86,18,0.05175883293394823,0.05443001854758168,0.18309459266657155,3.3638532110091743,2.479860672791453,0.7777636363636363,8.341887287024901,2024,4
CMP-8276,Brand Awareness - Google Ads 2025 Q1,Google Ads,2024-11-13,2024-12-01,21500.0,18754.83,2393909.0,60749.0,4165.0,68955.6,18,0.025376486741977244,0.06856079935472188,0.3087265634002206,4.502960384153662,3.676684885973373,0.8723176744186047,16.555966386554623,2024,4
CMP-8277,Year End Clearance - Instagram 2024 Q3,Instagram,2025-11-05,2025-12-22,9300.0,7195.59,1175491.0,46705.0,1594.0,22333.18,47,0.039732333127178346,0.034129108232523284,0.1540646611711808,4.514171894604768,3.103731591155138,0.7737193548387097,14.010777917189461,2025,4
CMP-8278,Customer Retention - LinkedIn 2024 Q4,LinkedIn,2024-07-22,2024-09-05,22800.0,22925.25,1024688.0,8290.0,181.0,206854.71,45,0.0080902674765392,0.0218335343787696,2.765410132689988,126.65883977900552,9.023007818889653,1.0054934210526316,1142.8437016574585,2024,3
CMP-8279,Brand Awareness - LinkedIn 2025 Q4,LinkedIn,2025-05-25,2025-07-04,20500.0,20602.2,753190.0,11222.0,266.0,55506.67,40,0.01489929499860593,0.023703439672072713,1.8358759579397612,77.45187969924812,2.6942108124375066,1.0049853658536585,208.6716917293233,2025,2
CMP-8280,Cyber Monday - Instagram 2024 Q4,Instagram,2025-02-09,2025-04-10,18700.0,16846.41,1295474.0,56529.0,1661.0,69990.56,60,0.04363576575060557,0.02938314847246546,0.29801358594703603,10.142329921733895,4.154627603151057,0.9008775401069519,42.13760385310054,2025,1
CMP-8281,Seasonal Collection - Google Ads 2024 Q1,Google Ads,2025-06-23,2025-08-18,10400.0,9832.58,999532.0,39423.0,3304.0,65198.96,56,0.03944145860262603,0.08380894401745174,0.24941227202394542,2.975962469733656,6.6309107070575575,0.9454403846153846,19.733341404358352,2025,2
CMP-8282,Cyber Monday - Facebook 2024 Q2,Facebook,2024-10-15,2024-11-05,8200.0,6500.49,628592.0,26697.0,607.0,27994.49,21,0.04247111003639881,0.022736637075326815,0.24349140352848633,10.709209225700164,4.306519970033029,0.7927426829268293,46.11942339373971,2024,4
CMP-8283,Flash Sale - Facebook 2024 Q2,Facebook,2024-08-09,2024-08-19,2800.0,2368.72,652425.0,23181.0,815.0,7501.45,10,0.035530520749511435,0.03515810361934343,0.10218368491436952,2.90640490797546,3.166879158364011,0.8459714285714285,9.204233128834355,2024,3
CMP-8284,Flash Sale - Instagram 2025 Q1,Instagram,2024-12-18,2025-02-09,13000.0,9224.87,501499.0,6542.0,307.0,29624.66,53,0.013044891415536223,0.04692754509324366,1.4100993579944971,30.048436482084693,3.2113905128202345,0.7096053846153847,96.49726384364821,2024,4
CMP-8285,Free Trial Push - Google Ads 2025 Q2,Google Ads,2025-10-19,2025-11-09,900.0,673.41,46417.0,1366.0,124.0,4724.74,21,0.029428873042204366,0.09077598828696926,0.49297950219619324,5.430725806451613,7.016141726437088,0.7482333333333333,38.10274193548387,2025,4
CMP-8286,Spring Sale - Google Ads 2024 Q1,Google Ads,2025-04-30,2025-05-15,16600.0,16706.91,1325221.0,39451.0,2310.0,123137.55,15,0.029769374315680178,0.05855364883019442,0.42348508276089325,7.232428571428572,7.37045629622713,1.006440361445783,53.3062987012987,2025,2
CMP-8287,Back to School - LinkedIn 2024 Q3,LinkedIn,2025-08-21,2025-10-18,11900.0,8996.87,371060.0,10693.0,660.0,71487.75,58,0.028817441923139116,0.061722622276255495,0.8413794070887497,13.631621212121214,7.945846722248959,0.7560394957983194,108.31477272727273,2025,3
CMP-8288,Flash Sale - Facebook 2025 Q2,Facebook,2024-05-31,2024-06-28,8900.0,9622.31,876613.0,39691.0,2033.0,47755.14,28,0.04527767669427672,0.051220679751077074,0.2424305258118969,4.7330595179537625,4.962960037662474,1.0811584269662922,23.489985243482536,2024,2
CMP-8289,Brand Awareness - Email 2024 Q4,Email,2024-10-05,2024-12-04,16600.0,11809.8,4743319.0,415810.0,34417.0,128000.62,60,0.08766224662520063,0.08277097712897717,0.028401914335874558,0.3431385652439201,10.83850869616759,0.711433734939759,3.7191103233866984,2024,4
CMP-8290,Year End Clearance - LinkedIn 2024 Q2,LinkedIn,2025-08-17,2025-10-04,2200.0,2233.72,133968.0,988.0,42.0,10551.07,48,0.007374895497432222,0.04251012145748988,2.2608502024291495,53.18380952380952,4.723541894239206,1.0153272727272726,251.2159523809524,2025,3
CMP-8291,Summer Promo - Google Ads 2025 Q4,Google Ads,2025-06-11,2025-08-09,2900.0,2849.74,302669.0,21453.0,2046.0,14835.75,59,0.07087940951997065,0.09537127674451126,0.13283643313289514,1.3928347996089931,5.206001249236773,0.9826689655172413,7.251099706744868,2025,2
CMP-8292,Brand Awareness - Instagram 2025 Q4,Instagram,2025-07-15,2025-07-27,14700.0,12446.83,784308.0,37188.0,2045.0,40533.36,12,0.04741504612983675,0.05499085726578466,0.3347001720985264,6.086469437652812,3.256520736605224,0.8467231292517007,19.82071393643032,2025,3
CMP-8293,Seasonal Collection - Instagram 2024 Q2,Instagram,2024-08-16,2024-09-10,13100.0,11167.51,1229350.0,53244.0,1844.0,53437.7,25,0.04331069264245333,0.0346330102922395,0.20974213056870258,6.056133405639914,4.7851042891387605,0.852481679389313,28.979229934924078,2024,3
CMP-8294,Holiday Deals - Facebook 2024 Q3,Facebook,2025-03-07,2025-04-21,15200.0,13804.62,1018855.0,25925.0,578.0,39443.94,45,0.025445230184864383,0.022295081967213116,0.5324829315332691,23.883425605536335,2.857299947408911,0.9081986842105264,68.2421107266436,2025,1
CMP-8295,Customer Retention - LinkedIn 2024 Q4,LinkedIn,2024-02-18,2024-03-25,18700.0,15407.97,823729.0,13743.0,535.0,84894.47,36,0.0166838851127009,0.03892890926289747,1.121150403841956,28.799943925233645,5.509776433884542,0.823955614973262,158.6812523364486,2024,1
CMP-8296,Cyber Monday - Google Ads 2025 Q3,Google Ads,2024-07-14,2024-08-01,18800.0,16520.81,2136258.0,75541.0,3028.0,90316.47,18,0.03536136552794653,0.04008419269006235,0.21869991130644287,5.456013870541612,5.466830621501003,0.8787664893617022,29.827103698811097,2024,3
CMP-8297,Spring Sale - Google Ads 2025 Q1,Google Ads,2025-01-31,2025-03-07,12600.0,10853.92,1631812.0,67383.0,5621.0,51054.52,35,0.041293359774287726,0.08341866642921805,0.16107801671044625,1.9309589041095891,4.7037862818226035,0.8614222222222222,9.082818003913895,2025,1
CMP-8298,Spring Sale - Email 2024 Q1,Email,2025-11-10,2025-12-13,6100.0,6181.76,7983593.0,339428.0,15133.0,79666.25,33,0.042515694374700715,0.04458382926570584,0.018212286552670966,0.40849534130707726,12.887308792318045,1.0134032786885245,5.264405603647657,2025,4
CMP-8299,Cyber Monday - LinkedIn 2025 Q3,LinkedIn,2025-09-04,2025-10-22,1000.0,781.24,19098.0,515.0,19.0,1827.21,48,0.026966174468530738,0.036893203883495145,1.5169708737864078,41.1178947368421,2.338858737391839,0.78124,96.16894736842106,2025,3
CMP-8300,Spring Sale - LinkedIn 2024 Q3,LinkedIn,2024-05-04,2024-06-30,4800.0,3711.54,84127.0,1004.0,23.0,35434.44,57,0.011934337370879742,0.022908366533864542,3.696752988047809,161.37130434782608,9.547099047834593,0.7732375,1540.6278260869567,2024,2
CMP-8301,New Product Launch - LinkedIn 2024 Q4,LinkedIn,2025-09-15,2025-10-18,22000.0,20379.58,1282764.0,22019.0,694.0,66838.6,33,0.017165277478943905,0.0315182342522367,0.925545210954176,29.365389048991357,3.279684861022651,0.9263445454545456,96.3092219020173,2025,3
CMP-8302,Flash Sale - Instagram 2025 Q3,Instagram,2024-06-06,2024-06-14,4700.0,5133.28,337748.0,19608.0,1166.0,14709.46,8,0.05805511801698308,0.059465524275805794,0.2617951856385149,4.402469982847341,2.8655089923012187,1.0921872340425531,12.615317324185249,2024,2
CMP-8303,Black Friday - Email 2025 Q2,Email,2025-05-12,2025-06-02,1700.0,1231.8,654627.0,66734.0,4482.0,20388.2,21,0.10194202194532154,0.06716216621212576,0.018458357059370035,0.27483266398929046,16.551550576392273,0.7245882352941176,4.548906738063365,2025,2
CMP-8304,Cyber Monday - Facebook 2025 Q4,Facebook,2024-05-21,2024-07-14,9100.0,6506.25,668746.0,10926.0,657.0,19239.25,54,0.01633804164809958,0.06013179571663921,0.5954832509610104,9.90296803652968,2.957041306436119,0.7149725274725275,29.283485540334855,2024,2
CMP-8305,Flash Sale - Instagram 2024 Q1,Instagram,2025-09-27,2025-10-16,19800.0,19178.56,1385909.0,49730.0,1248.0,73618.99,19,0.03588258680764755,0.0250955157852403,0.385653730142771,15.367435897435898,3.838608842373984,0.9686141414141415,58.98957532051283,2025,3
CMP-8306,Customer Retention - Facebook 2025 Q3,Facebook,2025-10-19,2025-11-08,10600.0,10065.79,2077647.0,85221.0,4780.0,48990.28,20,0.04101803626891382,0.056089461517701035,0.11811396252097489,2.105813807531381,4.86700795466625,0.9496028301886793,10.249012552301256,2025,4
CMP-8307,Holiday Deals - Email 2025 Q2,Email,2025-11-13,2025-12-30,17100.0,15218.4,7064428.0,697127.0,41368.0,88278.82,47,0.09868130866363137,0.05934069401988447,0.02183016867801706,0.3678785534712821,5.800795090154025,0.8899649122807017,2.1339881067491784,2025,4
CMP-8308,Valentine's Special - Google Ads 2025 Q1,Google Ads,2024-12-08,2024-12-21,9800.0,7056.5,755439.0,45724.0,4210.0,49842.44,13,0.06052639591019262,0.09207418423584988,0.15432814276966145,1.6761282660332542,7.063337348543896,0.7200510204081633,11.839059382422803,2024,4
CMP-8309,Back to School - Facebook 2024 Q4,Facebook,2025-01-22,2025-02-22,21500.0,20567.34,1242874.0,36608.0,868.0,100685.27,31,0.029454313148396378,0.023710664335664336,0.5618263767482518,23.695092165898618,4.895395807138891,0.9566204651162791,115.99685483870968,2025,1
CMP-8310,Holiday Deals - Google Ads 2024 Q2,Google Ads,2025-07-15,2025-09-07,9900.0,6996.79,893686.0,32148.0,1499.0,45826.29,54,0.035972366133071344,0.0466280950603459,0.21764308821699638,4.667638425617078,6.549616324057175,0.7067464646464646,30.571240827218148,2025,3
CMP-8311,Brand Awareness - Instagram 2025 Q4,Instagram,2024-10-02,2024-11-27,18900.0,19405.44,1040627.0,46781.0,1983.0,81029.87,56,0.04495462831542906,0.04238900408285415,0.4148145614672623,9.78590015128593,4.1756265253454705,1.0267428571428572,40.862264246091776,2024,4
CMP-8312,Summer Promo - Email 2025 Q4,Email,2024-07-18,2024-09-13,8100.0,6065.79,2590755.0,276738.0,30689.0,32941.66,57,0.10681751072563789,0.11089550405076282,0.02191889079201266,0.19765355664896217,5.430728726184059,0.748862962962963,1.073402847925967,2024,3
CMP-8313,New Product Launch - Instagram 2024 Q3,Instagram,2024-10-21,2024-11-17,15600.0,16641.88,853797.0,23592.0,475.0,58192.12,27,0.027631860969293636,0.02013394370973211,0.705403526619193,35.035536842105266,3.496727533187356,1.0667871794871795,122.50972631578948,2024,4
CMP-8314,Brand Awareness - Google Ads 2025 Q1,Google Ads,2025-10-04,2025-11-28,5100.0,5498.24,915481.0,28106.0,1319.0,20958.05,55,0.030700800999693058,0.046929481249555254,0.1956251334234683,4.168491281273692,3.8117743132347806,1.0780862745098039,15.889347990902198,2025,4
CMP-8315,Seasonal Collection - Google Ads 2025 Q1,Google Ads,2025-09-18,2025-10-12,5700.0,4072.02,516859.0,25701.0,1437.0,13376.63,24,0.04972536030135878,0.05591222131434574,0.15843819306641765,2.833695198329854,3.2850108791214185,0.7143894736842106,9.308719554627697,2025,3
CMP-8316,Free Trial Push - Google Ads 2025 Q4,Google Ads,2024-02-17,2024-04-14,4900.0,4329.72,496175.0,12940.0,1035.0,32510.26,57,0.02607950823802086,0.07998454404945904,0.3345996908809892,4.183304347826088,7.508628733497777,0.8836163265306123,31.41087922705314,2024,1
CMP-8317,Back to School - Instagram 2024 Q4,Instagram,2024-10-07,2024-11-01,15000.0,14408.96,729770.0,38465.0,1507.0,28668.5,25,0.0527083875741672,0.03917847393734564,0.3745992460678539,9.561353682813536,1.9896300635160347,0.9605973333333333,19.023556735235566,2024,4
CMP-8318,Black Friday - LinkedIn 2024 Q1,LinkedIn,2024-04-16,2024-05-14,21100.0,18939.42,1154527.0,27807.0,726.0,167202.16,28,0.02408518813332213,0.026108533822418817,0.6811026000647319,26.087355371900824,8.828261900311626,0.8976028436018957,230.3060055096419,2024,2
CMP-8319,Holiday Deals - Email 2024 Q4,Email,2024-12-27,2025-01-03,24200.0,18562.03,6287240.0,363833.0,33375.0,165200.0,7,0.05786847646980233,0.09173164611236474,0.051017994519463594,0.5561656928838951,8.899888643645118,0.7670260330578512,4.949812734082397,2024,4
CMP-8320,New Product Launch - Facebook 2025 Q3,Facebook,2024-10-24,2024-11-27,24500.0,21169.53,5990190.0,291842.0,7932.0,58431.37,34,0.048719990517829985,0.027179090055578017,0.07253764022998746,2.668876701966717,2.760163782568626,0.8640624489795918,7.366536812909733,2024,4
CMP-8321,Back to School - LinkedIn 2025 Q1,LinkedIn,2024-09-23,2024-10-26,2700.0,2015.24,83566.0,785.0,20.0,9458.29,33,0.009393772586937271,0.025477707006369428,2.5671847133757963,100.762,4.693381433476906,0.7463851851851852,472.91450000000003,2024,3
CMP-8322,Cyber Monday - LinkedIn 2025 Q4,LinkedIn,2024-12-10,2025-02-05,9500.0,7956.4,491952.0,8653.0,648.0,73734.08,57,0.017589114385143267,0.07488732231595978,0.9194961285103432,12.278395061728395,9.267266602986275,0.8375157894736842,113.78716049382716,2024,4
CMP-8323,Flash Sale - Facebook 2025 Q2,Facebook,2024-05-20,2024-06-10,20000.0,18892.84,5997004.0,206931.0,11802.0,55665.43,21,0.03450572986111065,0.057033503921597055,0.09130019185139007,1.600816810710049,2.946377040190887,0.944642,4.71660989662769,2024,2
CMP-8324,Customer Retention - Google Ads 2024 Q3,Google Ads,2024-06-06,2024-07-19,24100.0,18681.32,1168862.0,86004.0,3679.0,54955.09,43,0.07357925914265329,0.04277708013580764,0.21721454816055066,5.077825496058711,2.9417134335261106,0.7751585062240663,14.937507474857297,2024,2
CMP-8325,Summer Promo - Google Ads 2025 Q3,Google Ads,2025-11-17,2025-12-20,3200.0,3502.88,141703.0,11170.0,336.0,23021.04,33,0.07882684205697833,0.030080572963294538,0.31359713518352733,10.425238095238095,6.572032156397022,1.0946500000000001,68.515,2025,4
CMP-8326,Valentine's Special - Facebook 2025 Q4,Facebook,2025-01-20,2025-02-19,20100.0,15343.12,916435.0,15921.0,805.0,45855.16,30,0.017372754205153666,0.05056215061867973,0.9637032849695372,19.059776397515527,2.9886463770080662,0.763339303482587,56.96293167701864,2025,1
CMP-8327,Valentine's Special - Google Ads 2024 Q2,Google Ads,2025-02-14,2025-04-11,18100.0,16103.27,1660561.0,37846.0,3599.0,65958.54,56,0.022791092889692097,0.09509591502404481,0.42549463615705757,4.474373437065852,4.095971811936333,0.8896834254143646,18.326907474298416,2025,1
CMP-8328,Free Trial Push - Instagram 2025 Q4,Instagram,2025-09-18,2025-10-23,23900.0,18652.72,1134037.0,42300.0,1186.0,42959.69,35,0.037300370270105826,0.028037825059101656,0.4409626477541371,15.727419898819562,2.303132733456568,0.7804485355648536,36.222335581787526,2025,3
CMP-8329,Free Trial Push - Email 2025 Q1,Email,2025-01-21,2025-02-07,24700.0,21627.68,8635925.0,686173.0,47465.0,170663.24,17,0.07945564603675924,0.069173517465712,0.03151928158059265,0.45565532497629835,7.8909638019426955,0.8756145748987855,3.5955596755504056,2025,1
CMP-8330,Brand Awareness - Instagram 2025 Q2,Instagram,2025-04-11,2025-05-04,9000.0,9621.12,1028147.0,38564.0,809.0,22165.54,23,0.03750825514250394,0.020978114303495488,0.24948449330982264,11.892608158220026,2.303841964345107,1.0690133333333334,27.398689740420274,2025,2
CMP-8331,Free Trial Push - Google Ads 2025 Q1,Google Ads,2024-04-20,2024-05-23,16900.0,15341.74,621346.0,41841.0,2437.0,34956.27,33,0.06733929243931723,0.05824430582443058,0.3666676226667623,6.295338530980714,2.278507522614775,0.9077952662721893,14.343976200246203,2024,2
CMP-8332,Free Trial Push - Google Ads 2024 Q3,Google Ads,2025-07-27,2025-08-10,14800.0,16204.34,748181.0,33977.0,1869.0,103561.79,14,0.04541280786333788,0.05500779939370751,0.4769208582276246,8.670058855002676,6.3909909320589415,1.094887837837838,55.41026752273943,2025,3
CMP-8333,Seasonal Collection - Instagram 2024 Q4,Instagram,2025-10-18,2025-12-01,14900.0,11738.7,1062829.0,31930.0,648.0,39093.3,44,0.030042462145839076,0.020294393986846227,0.36763858440338243,18.115277777777777,3.330292110710726,0.7878322147651007,60.32916666666667,2025,4
CMP-8334,Back to School - Google Ads 2025 Q4,Google Ads,2024-07-06,2024-08-01,8000.0,6686.91,455260.0,9863.0,979.0,22290.21,26,0.021664543337872863,0.099259860083139,0.6779793166379398,6.830347293156282,3.3334096017443033,0.83586375,22.76834525025536,2024,3
CMP-8335,Spring Sale - LinkedIn 2024 Q1,LinkedIn,2024-09-09,2024-10-27,8800.0,8020.74,255075.0,5761.0,386.0,72855.89,48,0.022585514064490837,0.06700225655268183,1.3922478736330497,20.779119170984455,9.083437438440843,0.9114477272727273,188.74582901554405,2024,3
CMP-8336,Referral Program - Google Ads 2024 Q3,Google Ads,2024-05-20,2024-07-03,16100.0,17563.07,1192645.0,38821.0,1986.0,130339.61,44,0.032550339790968816,0.05115787846783957,0.4524115813606038,8.843439073514602,7.421231595615118,1.0908739130434781,65.62920946626384,2024,2
CMP-8337,Spring Sale - Email 2024 Q2,Email,2025-05-18,2025-06-01,5700.0,4255.21,1527659.0,142106.0,16623.0,44931.2,14,0.0930220684066274,0.11697606012413268,0.029943915105625378,0.25598327618360106,10.55910284098787,0.7465280701754387,2.7029537387956446,2025,2
CMP-8338,Year End Clearance - Instagram 2024 Q4,Instagram,2024-10-12,2024-11-23,13400.0,12852.48,998186.0,22495.0,1090.0,28039.7,42,0.02253588008647687,0.0484552122693932,0.5713482996221382,11.79126605504587,2.1816567697440497,0.9591402985074626,25.72449541284404,2024,4
CMP-8339,Free Trial Push - Facebook 2025 Q2,Facebook,2025-01-09,2025-01-31,12500.0,9315.04,776271.0,27847.0,627.0,44242.94,22,0.03587278154149775,0.022515890401120408,0.334507846446655,14.856523125996812,4.749624263556571,0.7452032000000001,70.56290271132377,2025,1
CMP-8340,Seasonal Collection - Google Ads 2025 Q1,Google Ads,2025-09-13,2025-11-01,23500.0,21883.84,1681770.0,111487.0,6818.0,71527.98,49,0.06629146672850628,0.06115511225524052,0.19629050920735153,3.2097154590789088,3.2685296547589453,0.9312272340425531,10.491050161337634,2025,3
CMP-8341,New Product Launch - LinkedIn 2025 Q4,LinkedIn,2025-10-20,2025-11-12,12800.0,11526.07,258483.0,6472.0,456.0,94156.45,23,0.025038397109287652,0.07045735475896168,1.7809131644004943,25.276469298245612,8.168998626591717,0.90047421875,206.48344298245613,2025,4
CMP-8342,Summer Promo - LinkedIn 2024 Q2,LinkedIn,2025-04-04,2025-04-25,10200.0,9035.98,246699.0,3519.0,111.0,84549.31,21,0.014264346430265222,0.03154305200341006,2.5677692526285876,81.40522522522522,9.356960728111394,0.8858803921568627,761.7054954954955,2025,2
CMP-8343,Brand Awareness - LinkedIn 2024 Q3,LinkedIn,2025-07-12,2025-08-27,6300.0,5111.69,121204.0,2491.0,171.0,12265.07,46,0.0205521269925085,0.06864712966680048,2.052063428342031,29.892923976608184,2.399415848770172,0.811379365079365,71.72555555555556,2025,3
CMP-8344,Free Trial Push - LinkedIn 2024 Q4,LinkedIn,2025-11-25,2025-12-27,10300.0,8475.68,297112.0,8240.0,215.0,73002.71,32,0.02773364926357737,0.026092233009708737,1.028601941747573,39.42176744186047,8.61319799709286,0.8228815533980582,339.547488372093,2025,4
CMP-8345,Valentine's Special - Instagram 2025 Q4,Instagram,2025-01-06,2025-02-27,1900.0,1987.64,106116.0,3752.0,187.0,7361.74,52,0.035357533265483056,0.04984008528784648,0.5297547974413647,10.629090909090909,3.703759232054094,1.0461263157894738,39.3675935828877,2025,1
CMP-8346,Back to School - LinkedIn 2025 Q1,LinkedIn,2025-06-22,2025-08-12,19600.0,17794.0,915890.0,13470.0,567.0,55271.15,51,0.014707006299883174,0.042093541202672606,1.3210096510764662,31.382716049382715,3.106167809373946,0.9078571428571428,97.4799823633157,2025,2
CMP-8347,Customer Retention - LinkedIn 2024 Q3,LinkedIn,2024-05-21,2024-06-16,24300.0,19800.74,534430.0,6284.0,304.0,70148.24,26,0.011758321950489306,0.0483768300445576,3.150977084659453,65.13401315789474,3.5427079998020274,0.814845267489712,230.75078947368422,2024,2
CMP-8348,Holiday Deals - LinkedIn 2024 Q4,LinkedIn,2024-08-24,2024-10-08,5300.0,5750.62,212413.0,2141.0,50.0,15686.5,45,0.010079420751083973,0.023353573096683792,2.685950490425035,115.0124,2.7277928292949283,1.085022641509434,313.73,2024,3
CMP-8349,Summer Promo - Email 2025 Q3,Email,2025-10-15,2025-11-16,13000.0,11801.06,4502554.0,129997.0,7679.0,210188.8,32,0.02887183585138568,0.059070593936783156,0.0907794795264506,1.5367964578721187,17.81101019738905,0.9077738461538462,27.371897382471676,2025,4
CMP-8350,Black Friday - Instagram 2025 Q2,Instagram,2025-07-11,2025-07-28,8500.0,7253.49,540919.0,32200.0,1234.0,35490.12,17,0.0595283212458797,0.038322981366459626,0.22526366459627328,5.878030794165316,4.892833656625983,0.8533517647058824,28.760226904376015,2025,3
CMP-8351,Holiday Deals - Google Ads 2024 Q2,Google Ads,2025-07-27,2025-08-03,24000.0,22697.11,3646129.0,153442.0,15243.0,179395.91,7,0.042083535716920605,0.09934046740788051,0.14791980031542865,1.4890185658991013,7.903909792920773,0.9457129166666667,11.76906842485075,2025,3
CMP-8352,New Product Launch - LinkedIn 2025 Q4,LinkedIn,2024-01-22,2024-03-04,7100.0,5150.55,120007.0,2347.0,168.0,49717.54,42,0.019557192497104334,0.07158074137196421,2.1945249254367276,30.658035714285717,9.652860374134802,0.7254295774647888,295.9377380952381,2024,1
CMP-8353,Spring Sale - Facebook 2024 Q3,Facebook,2025-03-31,2025-05-19,7100.0,7472.42,988654.0,9965.0,592.0,22660.87,49,0.010079360423363482,0.059407927747114904,0.7498665328650276,12.62233108108108,3.032601218882236,1.0524535211267605,38.27849662162162,2025,1
CMP-8354,Spring Sale - Email 2025 Q4,Email,2025-01-30,2025-03-09,600.0,552.9,768025.0,63409.0,6386.0,8997.46,38,0.0825611145470525,0.10071125550000788,0.008719582393666514,0.08658001879110554,16.273213962741906,0.9215,1.4089351706858753,2025,1
CMP-8355,Cyber Monday - Google Ads 2024 Q3,Google Ads,2025-01-25,2025-02-11,21500.0,15451.41,1745803.0,61997.0,2950.0,98225.63,17,0.03551202512540075,0.047582947561978804,0.2492283497588593,5.237766101694915,6.35706579528988,0.7186702325581396,33.296823728813564,2025,1
CMP-8356,Free Trial Push - Google Ads 2024 Q4,Google Ads,2025-05-08,2025-06-13,12500.0,8984.61,813504.0,39102.0,1346.0,52152.79,36,0.04806614349775785,0.0344227916730602,0.22977366886604267,6.675044576523032,5.804680448010542,0.7187688000000001,38.746500742942054,2025,2
CMP-8357,Flash Sale - Email 2024 Q2,Email,2025-05-04,2025-06-02,5600.0,3966.99,1995698.0,143270.0,12158.0,33735.07,29,0.07178941904035581,0.08486075242549034,0.027688909052837298,0.32628639578878105,8.503946316980885,0.7083910714285714,2.774721993748972,2025,2
CMP-8358,New Product Launch - Facebook 2025 Q2,Facebook,2025-05-05,2025-07-04,23000.0,20768.45,1771280.0,74545.0,2375.0,94700.11,60,0.042085384580642246,0.03185995036555101,0.27860285733449597,8.744610526315789,4.559806340867999,0.9029760869565218,39.87373052631579,2025,2
CMP-8359,Back to School - Instagram 2024 Q1,Instagram,2025-09-12,2025-10-03,14100.0,11106.56,2028717.0,59193.0,1626.0,35383.46,21,0.029177554089604416,0.027469464294764583,0.18763299714493267,6.83060270602706,3.1858163103607238,0.7876992907801418,21.761045510455105,2025,3
CMP-8360,Summer Promo - Google Ads 2024 Q4,Google Ads,2024-06-14,2024-08-07,6200.0,6699.72,610393.0,34135.0,3139.0,50891.48,54,0.055922987321283174,0.09195840046872711,0.19627127581661052,2.1343485186365085,7.596060730896217,1.0806,16.212640968461294,2024,2
CMP-8361,Summer Promo - Google Ads 2024 Q1,Google Ads,2024-06-06,2024-07-08,24000.0,20536.45,3608573.0,257180.0,9212.0,57339.42,32,0.07126916928104267,0.03581927054980947,0.0798524379811805,2.229315023881893,2.792080422857894,0.8556854166666666,6.224426834563612,2024,2
CMP-8362,Flash Sale - Email 2025 Q1,Email,2025-03-02,2025-04-24,17500.0,16288.03,19771813.0,2069924.0,130758.0,288222.33,53,0.10469065229374767,0.06317043524303308,0.007868902433132811,0.12456622156961716,17.695346214367238,0.9307445714285715,2.2042424172899557,2025,1
CMP-8363,Free Trial Push - Instagram 2025 Q1,Instagram,2025-06-14,2025-06-24,5400.0,4076.68,329935.0,8913.0,430.0,20209.7,10,0.027014411929622503,0.04824413777628184,0.457385840906541,9.480651162790696,4.9573917992091605,0.7549407407407407,46.9993023255814,2025,2
CMP-8364,Spring Sale - Google Ads 2024 Q2,Google Ads,2025-11-11,2025-11-21,6700.0,6236.51,715166.0,53107.0,5140.0,13488.29,10,0.07425828409068663,0.09678573446061725,0.11743291844766227,1.2133287937743191,2.1627945758124336,0.9308223880597015,2.6241809338521405,2025,4
CMP-8365,Customer Retention - Email 2024 Q4,Email,2025-05-23,2025-07-12,16800.0,17775.05,15760289.0,1715722.0,75739.0,132493.5,50,0.10886361284364773,0.04414409793661211,0.010360099130278681,0.23468820554800035,7.453903083254337,1.0580386904761905,1.7493431389376675,2025,2
CMP-8366,Free Trial Push - LinkedIn 2024 Q3,LinkedIn,2024-03-05,2024-03-28,23400.0,23508.8,860780.0,17305.0,713.0,148901.57,23,0.020103859290411023,0.041201964750072234,1.3584975440624096,32.97166900420757,6.333865190907235,1.0046495726495726,208.83810659186537,2024,1
CMP-8367,Seasonal Collection - Instagram 2024 Q2,Instagram,2024-10-02,2024-11-19,6900.0,6157.89,1203767.0,20145.0,789.0,25310.07,48,0.016734966152087572,0.03916604616530157,0.30567833209233064,7.80467680608365,4.110185469373437,0.8924478260869566,32.07866920152091,2024,4
CMP-8368,Referral Program - Email 2025 Q1,Email,2025-06-29,2025-08-25,1500.0,1260.5,578285.0,13152.0,415.0,18330.07,57,0.02274311109573999,0.03155413625304136,0.09584093673965936,3.0373493975903614,14.541904006346687,0.8403333333333334,44.16884337349398,2025,2
CMP-8369,Flash Sale - LinkedIn 2024 Q2,LinkedIn,2025-04-08,2025-05-10,7300.0,7330.83,589518.0,13907.0,359.0,20492.05,32,0.0235904586458768,0.02581433810311354,0.527132379377292,20.420139275766015,2.795324676741924,1.004223287671233,57.080919220055705,2025,2
CMP-8370,Spring Sale - Email 2025 Q2,Email,2024-12-30,2025-01-12,15900.0,16433.84,5872417.0,594405.0,49743.0,311681.45,13,0.10121982141254615,0.08368536603830722,0.027647546706370235,0.3303749271254247,18.965832087935627,1.0335748427672955,6.265835393924774,2024,4
CMP-8371,Seasonal Collection - Facebook 2025 Q4,Facebook,2025-06-16,2025-07-30,24000.0,23893.86,2598989.0,83409.0,3320.0,44289.37,44,0.03209286380203995,0.03980385809684806,0.28646620868251627,7.19694578313253,1.853587909195082,0.9955775,13.340171686746988,2025,2
CMP-8372,Flash Sale - Facebook 2024 Q2,Facebook,2024-11-09,2024-12-18,2100.0,1794.71,115016.0,2816.0,173.0,9522.82,39,0.02448355011476664,0.06143465909090909,0.6373259943181818,10.374046242774567,5.306049445314285,0.8546238095238096,55.04520231213873,2024,4
CMP-8373,Flash Sale - Google Ads 2024 Q2,Google Ads,2024-10-05,2024-10-20,19600.0,20150.44,1070144.0,72753.0,2983.0,152767.87,15,0.06798430865378866,0.04100174563248251,0.27697057166027517,6.755092189071404,7.581366461476772,1.0280836734693877,51.21282936640965,2024,4
CMP-8374,Free Trial Push - Instagram 2024 Q4,Instagram,2025-05-27,2025-07-18,12800.0,10738.4,1697147.0,28914.0,919.0,33376.21,52,0.017036827098654388,0.031783910908210554,0.37139102165041155,11.68487486398259,3.1081175966624452,0.8389375,36.31796517954298,2025,2
CMP-8375,Summer Promo - Facebook 2024 Q4,Facebook,2025-08-26,2025-10-18,12900.0,11439.4,823795.0,35259.0,2031.0,27774.97,53,0.04280069677528997,0.05760231430273122,0.32443915028786974,5.6323978335795175,2.4280093361539943,0.8867751937984496,13.6755145248646,2025,3
CMP-8376,New Product Launch - Email 2025 Q1,Email,2024-06-23,2024-08-13,15600.0,13854.67,6740183.0,614941.0,54261.0,82424.05,51,0.09123505993828357,0.08823773337604746,0.022530080121507593,0.2553338493577339,5.949188973826154,0.8881198717948718,1.5190293212436188,2024,2
CMP-8377,Free Trial Push - Google Ads 2025 Q3,Google Ads,2025-05-25,2025-07-12,23600.0,18308.72,2218982.0,167414.0,12017.0,99957.36,48,0.07544630826207693,0.07178013786182756,0.10936194105630354,1.5235682782724476,5.459549329499823,0.7757932203389831,8.31799617208954,2025,2
CMP-8378,Cyber Monday - Google Ads 2025 Q2,Google Ads,2024-02-29,2024-03-11,14900.0,12862.5,585614.0,16072.0,1180.0,71973.77,11,0.02744469906798676,0.07341961174713788,0.8003048780487805,10.900423728813559,5.595628377065112,0.863255033557047,60.99472033898306,2024,1
CMP-8379,Back to School - Instagram 2025 Q2,Instagram,2024-05-10,2024-06-04,22500.0,17741.28,1914612.0,112868.0,3661.0,65976.24,25,0.05895084748241419,0.03243612006946167,0.15718609348974022,4.8460202130565415,3.7187981926895923,0.7885013333333333,18.0213712100519,2024,2
CMP-8380,Brand Awareness - Google Ads 2024 Q3,Google Ads,2025-05-11,2025-06-08,2800.0,3032.16,175861.0,13361.0,1263.0,21248.22,28,0.07597477553294932,0.09452885263079111,0.22694109722326172,2.400760095011876,7.007618331486466,1.0829142857142857,16.823610451306415,2025,2
CMP-8381,Flash Sale - Google Ads 2024 Q2,Google Ads,2024-12-09,2025-01-01,11700.0,10402.86,852252.0,66532.0,5145.0,61669.61,23,0.07806611190117477,0.07733120904226537,0.15635874466422173,2.021935860058309,5.928139953820391,0.8891333333333333,11.986318756073858,2024,4
CMP-8382,Referral Program - Google Ads 2024 Q4,Google Ads,2024-08-13,2024-08-29,16300.0,13488.97,582149.0,28202.0,1157.0,91497.27,16,0.0484446421792359,0.04102545918729168,0.47829834763491946,11.658573898012099,6.783117613872668,0.8275441717791411,79.08147796024201,2024,3
CMP-8383,Back to School - Instagram 2025 Q4,Instagram,2025-10-30,2025-11-21,6000.0,6504.26,339146.0,14277.0,565.0,18883.43,22,0.04209691401343374,0.039574140225537575,0.45557610142186733,11.511964601769911,2.9032403378708724,1.0840433333333335,33.422,2025,4
CMP-8384,New Product Launch - Google Ads 2025 Q3,Google Ads,2025-09-01,2025-10-18,900.0,923.18,87878.0,2604.0,124.0,4677.12,47,0.029631989804046518,0.047619047619047616,0.3545238095238095,7.444999999999999,5.066314261574124,1.0257555555555555,37.718709677419355,2025,3
CMP-8385,Flash Sale - Google Ads 2024 Q1,Google Ads,2025-10-24,2025-12-14,14500.0,15566.24,629305.0,43766.0,2745.0,74998.91,51,0.06954656327218121,0.06271991957227072,0.3556696979390394,5.6707613843351545,4.818049188500241,1.0735337931034483,27.3220072859745,2025,4
CMP-8386,Brand Awareness - Email 2025 Q4,Email,2024-05-11,2024-07-03,3700.0,3260.79,3315753.0,234463.0,25949.0,52061.85,53,0.07071184132231803,0.11067417886830758,0.013907482204015132,0.1256614898454661,15.966023570975132,0.8812945945945946,2.006314308836564,2024,2
CMP-8387,Valentine's Special - LinkedIn 2025 Q2,LinkedIn,2025-11-19,2025-12-26,19900.0,21591.06,1302012.0,8319.0,434.0,213541.77,37,0.006389342033713975,0.05216973193893497,2.5953912729895423,49.74898617511521,9.890286535260426,1.0849778894472362,492.03172811059903,2025,4
CMP-8388,Seasonal Collection - Instagram 2024 Q3,Instagram,2025-03-03,2025-04-08,2200.0,1797.31,102653.0,3572.0,157.0,8978.09,36,0.034796839839069484,0.043952967525195966,0.5031662933930571,11.447834394904458,4.99529296559859,0.8169590909090909,57.185286624203826,2025,1
CMP-8389,Free Trial Push - Facebook 2024 Q3,Facebook,2025-11-19,2026-01-15,14800.0,12130.55,1616593.0,55471.0,2788.0,54137.74,57,0.034313522327512246,0.05026049647563592,0.21868273512285696,4.350986370157819,4.462925423826619,0.8196317567567567,19.41812769010043,2025,4
CMP-8390,Holiday Deals - LinkedIn 2025 Q2,LinkedIn,2025-11-01,2025-12-07,21100.0,22973.22,623725.0,13568.0,950.0,89257.24,36,0.02175317648001924,0.07001768867924528,1.69319133254717,24.182336842105265,3.8852733748251227,1.0887781990521328,93.95498947368422,2025,4
CMP-8391,Free Trial Push - LinkedIn 2025 Q2,LinkedIn,2024-08-04,2024-09-25,11800.0,10903.3,855829.0,17992.0,394.0,101975.97,52,0.021022891255145594,0.02189862160960427,0.606008225878168,27.673350253807104,9.352762007832492,0.9240084745762711,258.8222588832487,2024,3
CMP-8392,Spring Sale - Google Ads 2025 Q4,Google Ads,2025-07-13,2025-09-01,23700.0,25715.29,1835710.0,63603.0,4282.0,63003.9,50,0.034647629527539754,0.06732386837098879,0.40430938792195337,6.005439047174218,2.450055978369289,1.0850333333333333,14.71366184026156,2025,3
CMP-8393,Holiday Deals - Google Ads 2025 Q3,Google Ads,2024-08-06,2024-08-18,20200.0,15091.3,919214.0,57879.0,3064.0,44091.69,12,0.06296575117437289,0.05293802588158054,0.2607387826327338,4.925359007832898,2.921662812348837,0.7470940594059405,14.390238250652743,2024,3
CMP-8394,Valentine's Special - Instagram 2024 Q4,Instagram,2024-07-29,2024-08-19,11800.0,9385.98,615515.0,18448.0,1002.0,30721.91,21,0.029971649756707797,0.05431483087597572,0.5087803555941023,9.367245508982036,3.2731701963993105,0.795422033898305,30.66058882235529,2024,3
CMP-8395,Summer Promo - Email 2025 Q3,Email,2025-10-01,2025-10-29,24600.0,19482.24,7712220.0,488211.0,39533.0,211210.05,28,0.06330356239837556,0.08097523406887595,0.03990536878521787,0.49280955151392514,10.841158408889326,0.7919609756097562,5.342626413376166,2025,4
CMP-8396,Seasonal Collection - LinkedIn 2024 Q2,LinkedIn,2024-09-03,2024-09-12,21400.0,15852.22,790261.0,5438.0,201.0,32703.49,9,0.0068812708712691125,0.03696211842589187,2.915082751011401,78.86676616915423,2.0630227185845267,0.7407579439252336,162.70393034825872,2024,3
CMP-8397,Holiday Deals - Google Ads 2024 Q1,Google Ads,2024-05-07,2024-05-23,20800.0,21620.66,1452704.0,105501.0,6305.0,93947.71,16,0.07262387933123333,0.05976246670647672,0.2049332233817689,3.429129262490087,4.345274843598669,1.0394548076923076,14.900509119746234,2024,2
CMP-8398,Black Friday - Facebook 2024 Q1,Facebook,2024-04-17,2024-05-10,16200.0,11632.02,688584.0,28829.0,1690.0,40598.14,23,0.041867077945464896,0.058621526934683824,0.4034832980679177,6.882852071005917,3.4902054845160166,0.718025925925926,24.022568047337277,2024,2
CMP-8399,Customer Retention - Facebook 2025 Q1,Facebook,2024-04-28,2024-06-13,8600.0,8923.86,2787284.0,38105.0,2594.0,29735.74,46,0.013671014507312495,0.06807505576695971,0.23419131347592181,3.4401927525057827,3.332161194819282,1.0376581395348838,11.463276792598304,2024,2
CMP-8400,Spring Sale - Facebook 2024 Q4,Facebook,2024-11-23,2024-12-28,21500.0,20736.01,1311153.0,50493.0,1146.0,74018.88,35,0.038510379795492974,0.02269621531697463,0.41067098409680547,18.094249563699822,3.5695816118915844,0.9644655813953488,64.58890052356021,2024,4
CMP-8401,Year End Clearance - Email 2024 Q1,Email,2024-08-18,2024-09-08,7000.0,5171.07,8381204.0,523446.0,60297.0,98080.06,21,0.062454749938075725,0.11519239806971493,0.0098788986829587,0.08575998805910741,18.967072578789303,0.7387242857142857,1.6266159178731943,2024,3
CMP-8402,Summer Promo - Email 2025 Q2,Email,2025-01-07,2025-02-11,8400.0,5901.39,2504032.0,264729.0,26009.0,50077.61,35,0.10572109302117545,0.09824764192816049,0.022292193148465034,0.2268979968472452,8.485731327704151,0.7025464285714286,1.9253954400399862,2025,1
CMP-8403,Black Friday - Email 2024 Q3,Email,2025-08-17,2025-09-08,5400.0,4046.96,4212133.0,255272.0,22804.0,38790.85,22,0.06060397428096406,0.08933216333949669,0.01585352095020214,0.17746711103315208,9.58518245794374,0.749437037037037,1.7010546395369233,2025,3
CMP-8404,Spring Sale - Facebook 2025 Q4,Facebook,2025-02-28,2025-03-27,13800.0,11319.74,974445.0,10116.0,291.0,63530.65,27,0.010381293967335252,0.028766310794780547,1.1189936733886912,38.89945017182131,5.612377139404262,0.8202710144927536,218.3183848797251,2025,1
CMP-8405,Back to School - LinkedIn 2024 Q1,LinkedIn,2024-04-16,2024-05-09,6500.0,6295.26,223396.0,3241.0,216.0,58908.89,23,0.014507869433651453,0.06664609688367788,1.942381980870102,29.144722222222224,9.357657983943474,0.9685015384615385,272.7263425925926,2024,2
CMP-8406,Seasonal Collection - Email 2024 Q1,Email,2024-10-26,2024-11-21,10100.0,10031.47,3357649.0,145645.0,12522.0,133436.82,26,0.04337707723469606,0.08597617494593017,0.06887617151292526,0.8011076505350583,13.301821168781846,0.9932148514851484,10.656190704360327,2024,4
CMP-8407,New Product Launch - Instagram 2024 Q1,Instagram,2025-08-10,2025-09-06,6500.0,6090.9,997321.0,33050.0,792.0,22716.94,27,0.033138778788374054,0.023963691376701967,0.18429349470499243,7.690530303030303,3.7296524323170632,0.9370615384615384,28.68300505050505,2025,3
CMP-8408,Summer Promo - Facebook 2025 Q4,Facebook,2025-11-28,2025-12-18,14600.0,11548.78,1434251.0,44231.0,2035.0,22662.49,20,0.03083909301788878,0.0460084556080577,0.2611014899052701,5.675076167076168,1.9623276224847992,0.7910123287671234,11.136358722358723,2025,4
CMP-8409,Flash Sale - Instagram 2024 Q4,Instagram,2024-08-30,2024-10-17,8600.0,7347.59,478189.0,7885.0,286.0,12417.23,48,0.016489296073309925,0.0362714013950539,0.9318440076093849,25.690874125874128,1.689973174877749,0.8543709302325582,43.41688811188811,2024,3
CMP-8410,Valentine's Special - Facebook 2025 Q2,Facebook,2024-06-23,2024-07-14,24800.0,23726.95,7755859.0,316872.0,11458.0,140201.05,21,0.040855822675476695,0.036159711176752755,0.0748786576283168,2.070775877116425,5.908936884007425,0.9567318548387097,12.236083958806073,2024,2
CMP-8411,Year End Clearance - Facebook 2024 Q3,Facebook,2025-09-04,2025-10-03,18000.0,16789.85,1510258.0,69658.0,2550.0,82275.11,29,0.046123245167382,0.036607424847110166,0.2410326164977461,6.584254901960784,4.900288567199826,0.9327694444444443,32.26474901960784,2025,3
CMP-8412,Referral Program - Google Ads 2024 Q3,Google Ads,2025-05-17,2025-05-25,4400.0,4521.6,224327.0,17068.0,1096.0,13903.29,8,0.07608535753609685,0.06421373330208577,0.2649168033747364,4.125547445255474,3.074860668789809,1.0276363636363637,12.685483576642337,2025,2
CMP-8413,Year End Clearance - Email 2024 Q3,Email,2024-11-26,2024-12-25,17600.0,17781.13,9950109.0,934091.0,101684.0,351231.04,29,0.0938774640559214,0.10885877286046006,0.019035757758077105,0.17486654734274812,19.75302132091717,1.0102914772727274,3.454142637976476,2024,4
CMP-8414,Year End Clearance - Facebook 2024 Q3,Facebook,2024-11-06,2024-11-21,24000.0,21726.9,1569589.0,34328.0,1388.0,78507.43,15,0.021870693538244727,0.04043346539268236,0.6329206478676299,15.653386167146975,3.6133746645862956,0.9052875,56.561548991354464,2024,4
CMP-8415,Brand Awareness - LinkedIn 2024 Q2,LinkedIn,2025-10-24,2025-12-19,12600.0,9200.68,854547.0,24292.0,1204.0,65299.62,56,0.02842675710054567,0.04956364235139141,0.3787534990943521,7.641760797342193,7.097260202506772,0.7302126984126984,54.23556478405316,2025,4
CMP-8416,Back to School - LinkedIn 2025 Q2,LinkedIn,2025-04-13,2025-05-05,13300.0,10730.34,619594.0,18064.0,969.0,73677.69,22,0.02915457541551403,0.05364260407440213,0.5940179362267494,11.073622291021673,6.866295942160267,0.8067924812030075,76.03476780185758,2025,2
CMP-8417,Referral Program - Google Ads 2024 Q2,Google Ads,2024-05-29,2024-06-16,17300.0,13144.06,1020085.0,33212.0,2145.0,50603.11,18,0.03255807114113039,0.06458508972660484,0.39576237504516437,6.1277668997668995,3.849884282329813,0.7597722543352601,23.591193473193474,2024,2
CMP-8418,New Product Launch - Instagram 2024 Q3,Instagram,2024-06-23,2024-08-15,7700.0,5868.67,357436.0,10669.0,541.0,9548.61,53,0.029848700186886602,0.05070765769987815,0.5500674852376043,10.847818853974122,1.6270483772302755,0.7621649350649351,17.649926062846582,2024,2
CMP-8419,New Product Launch - Google Ads 2025 Q2,Google Ads,2024-05-26,2024-07-12,20600.0,18128.82,1832661.0,40974.0,3012.0,115665.95,47,0.02235765370682303,0.07351003075120809,0.44244691755747545,6.018864541832669,6.38022496775852,0.8800398058252427,38.40170982735724,2024,2
CMP-8420,Holiday Deals - LinkedIn 2025 Q4,LinkedIn,2025-10-27,2025-12-20,21800.0,21590.36,516294.0,10055.0,540.0,46463.77,54,0.019475337695189176,0.05370462456489309,2.147226255594232,39.98214814814815,2.152060919780865,0.9903834862385321,86.04401851851851,2025,4
CMP-8421,Brand Awareness - Email 2025 Q3,Email,2024-07-19,2024-08-09,2500.0,2401.38,1456043.0,61220.0,5487.0,33877.89,21,0.04204546156947288,0.08962757268866384,0.03922541653054557,0.437648988518316,14.10767558653774,0.9605520000000001,6.174209950792783,2024,3
CMP-8422,Flash Sale - Instagram 2024 Q1,Instagram,2025-05-23,2025-07-18,14400.0,14596.8,1648452.0,30663.0,1428.0,71075.24,56,0.018601087565788994,0.04657078563741317,0.4760395264651208,10.221848739495798,4.869234352734846,1.0136666666666667,49.77257703081233,2025,2
CMP-8423,Referral Program - LinkedIn 2025 Q2,LinkedIn,2024-12-28,2025-01-08,2900.0,2496.52,226611.0,3947.0,214.0,22680.95,11,0.017417512830356866,0.054218393716746895,0.6325107676716494,11.665981308411215,9.08502635668851,0.8608689655172413,105.98574766355141,2024,4
CMP-8424,Holiday Deals - Instagram 2024 Q3,Instagram,2024-11-25,2025-01-18,12100.0,11867.76,847876.0,35623.0,695.0,38452.35,54,0.04201439833183154,0.019509867220615894,0.3331488083541532,17.07591366906475,3.240068049910008,0.980806611570248,55.32712230215827,2024,4
CMP-8425,Flash Sale - Facebook 2024 Q4,Facebook,2024-06-22,2024-07-02,18500.0,14828.66,2794293.0,44870.0,2846.0,32804.77,10,0.016057729092833144,0.06342767996434143,0.3304804992199688,5.210351370344343,2.2122545125453006,0.8015491891891892,11.526623330990864,2024,2
CMP-8426,Free Trial Push - Google Ads 2025 Q1,Google Ads,2024-12-19,2024-12-26,18200.0,19858.44,963576.0,30541.0,2617.0,59891.72,7,0.03169547601849776,0.0856880914180937,0.6502223240889295,7.58824608330149,3.0159327721613582,1.0911230769230769,22.885640045854032,2024,4
CMP-8427,Year End Clearance - Google Ads 2024 Q1,Google Ads,2025-10-21,2025-11-19,15200.0,14354.77,967768.0,32799.0,2317.0,85952.54,29,0.03389138719197163,0.0706423976340742,0.4376587700844538,6.195412170910661,5.987733694096108,0.9443927631578948,37.09647820457488,2025,4
CMP-8428,Free Trial Push - Instagram 2024 Q4,Instagram,2025-07-25,2025-08-18,20300.0,19602.92,1188320.0,33859.0,1721.0,33231.6,24,0.02849316682375118,0.050828435571044626,0.5789574411530168,11.390424171993025,1.695237240166261,0.9656610837438423,19.309471237652527,2025,3
CMP-8429,Seasonal Collection - LinkedIn 2024 Q3,LinkedIn,2025-04-24,2025-05-03,10000.0,10408.21,282780.0,4481.0,322.0,44079.39,9,0.015846240893981185,0.07185896005355948,2.3227426913635347,32.32363354037267,4.235059630810678,1.040821,136.8925155279503,2025,2
CMP-8430,Black Friday - Google Ads 2024 Q1,Google Ads,2025-10-09,2025-10-20,17000.0,14054.34,1432835.0,42825.0,3782.0,78332.62,11,0.029888298373504277,0.08831290134267367,0.32818073555166377,3.716113167636171,5.5735537919247715,0.8267258823529412,20.711956636700158,2025,4
CMP-8431,Back to School - Facebook 2024 Q1,Facebook,2025-09-01,2025-10-26,600.0,644.04,52895.0,1733.0,82.0,2607.08,55,0.032763021079497114,0.04731679169070975,0.37163300634737445,7.854146341463414,4.048009440407428,1.0734,31.793658536585365,2025,3
CMP-8432,Customer Retention - LinkedIn 2024 Q1,LinkedIn,2025-04-26,2025-05-05,22900.0,17075.43,1578849.0,15503.0,574.0,70536.22,9,0.009819178401481079,0.03702509191769335,1.1014274656518093,29.748135888501743,4.130860540554469,0.7456519650655022,122.88540069686411,2025,2
CMP-8433,Back to School - Google Ads 2025 Q2,Google Ads,2024-12-26,2025-01-12,20000.0,21065.99,2046657.0,106027.0,6289.0,100013.44,17,0.05180496780847988,0.059315080121101225,0.19868514623633604,3.3496565431706156,4.747625912667765,1.0532995,15.902916202893943,2024,4
CMP-8434,Year End Clearance - Email 2025 Q2,Email,2024-11-19,2025-01-01,15000.0,10904.13,5693684.0,675401.0,41395.0,169362.77,43,0.11862284594649089,0.06128951541380602,0.016144675533497875,0.26341659620727137,15.531983752944985,0.726942,4.091382292547409,2024,4
CMP-8435,Year End Clearance - Email 2024 Q1,Email,2025-02-04,2025-04-02,1000.0,771.38,300671.0,32360.0,1236.0,15162.15,57,0.10762594330680378,0.03819530284301607,0.023837453646477134,0.6240938511326861,19.655876481111772,0.77138,12.267111650485436,2025,1
CMP-8436,Valentine's Special - LinkedIn 2025 Q2,LinkedIn,2024-11-08,2024-11-24,11100.0,10427.88,364260.0,9601.0,255.0,44684.28,16,0.02635754680722561,0.02655973336110822,1.0861243620456202,40.893647058823525,4.285078079149358,0.9394486486486485,175.2324705882353,2024,4
CMP-8437,Customer Retention - Facebook 2024 Q4,Facebook,2024-09-27,2024-10-24,13700.0,10371.34,1810105.0,24175.0,1454.0,47902.58,27,0.013355578820013203,0.06014477766287487,0.42901096173733194,7.132971114167813,4.618745504438192,0.7570321167883212,32.94537826685007,2024,3
CMP-8438,Free Trial Push - Email 2024 Q4,Email,2025-04-03,2025-04-22,22700.0,20594.73,8450868.0,388670.0,18233.0,243650.74,19,0.045991725347029444,0.04691126148146242,0.052987701649213986,1.1295305215817473,11.830732425236942,0.9072568281938326,13.363173366971973,2025,2
CMP-8439,Spring Sale - Google Ads 2025 Q1,Google Ads,2024-08-04,2024-09-16,14900.0,14939.04,980242.0,33508.0,2491.0,109356.43,43,0.0341833955288592,0.07434045601050496,0.445835024471768,5.997205941389001,7.320177869528429,1.002620134228188,43.900614211160175,2024,3
CMP-8440,Free Trial Push - Facebook 2024 Q1,Facebook,2025-01-31,2025-02-15,23000.0,19762.62,1577089.0,73017.0,5006.0,97435.84,15,0.046298591899379175,0.06855937658353534,0.2706577920210362,3.9477866560127843,4.930309847580938,0.8592443478260869,19.46381142628845,2025,1
CMP-8441,Cyber Monday - LinkedIn 2025 Q1,LinkedIn,2024-10-18,2024-11-26,2900.0,2861.41,99778.0,602.0,26.0,22233.7,39,0.006033394134979655,0.04318936877076412,4.753172757475083,110.05423076923077,7.770190220905079,0.9866931034482758,855.1423076923077,2024,4
CMP-8442,Valentine's Special - Google Ads 2025 Q1,Google Ads,2025-09-28,2025-10-24,6900.0,7120.72,494911.0,22338.0,2143.0,31445.35,26,0.04513538797884872,0.09593517772405766,0.3187715999641866,3.3227811479234717,4.416035176218135,1.0319884057971014,14.673518432104526,2025,3
CMP-8443,Black Friday - LinkedIn 2024 Q1,LinkedIn,2024-09-17,2024-11-05,9100.0,9111.94,346606.0,6843.0,541.0,66818.59,49,0.01974287808058718,0.0790588922986994,1.3315709484144382,16.842772643253237,7.3330805514522694,1.001312087912088,123.50940850277264,2024,3
CMP-8444,Referral Program - Email 2024 Q2,Email,2024-01-30,2024-03-02,11600.0,12189.0,6826745.0,772324.0,90450.0,126376.37,32,0.11313210029084139,0.11711406093815549,0.015782236470704005,0.13475953565505805,10.368067109689063,1.0507758620689656,1.397195909342178,2024,1
CMP-8445,Spring Sale - LinkedIn 2025 Q4,LinkedIn,2025-05-30,2025-06-19,2300.0,1801.16,174028.0,4306.0,93.0,4293.95,20,0.02474314478129956,0.021597770552717138,0.41829075708313984,19.36731182795699,2.383991427746563,0.7831130434782609,46.171505376344086,2025,2
CMP-8446,Brand Awareness - Email 2025 Q4,Email,2025-09-15,2025-10-03,2400.0,2167.05,806305.0,96327.0,7689.0,33509.78,18,0.11946719913680307,0.07982185680027407,0.022496807748606313,0.28183769020678895,15.463316490159432,0.9029375000000001,4.358145402523085,2025,3
CMP-8447,New Product Launch - LinkedIn 2024 Q4,LinkedIn,2025-03-25,2025-05-11,11700.0,9227.34,257546.0,1324.0,40.0,52385.32,47,0.005140829211092387,0.030211480362537766,6.96929003021148,230.6835,5.677185407712298,0.7886615384615385,1309.633,2025,1
CMP-8448,Back to School - Google Ads 2024 Q3,Google Ads,2024-01-31,2024-02-25,15600.0,15467.96,2561157.0,65185.0,5525.0,111340.33,25,0.025451387790752383,0.08475876351921455,0.23729324231034746,2.799630769230769,7.198126320471478,0.9915358974358974,20.15209592760181,2024,1
CMP-8449,Summer Promo - LinkedIn 2025 Q2,LinkedIn,2025-02-23,2025-03-09,16200.0,15674.56,370907.0,7465.0,514.0,151287.21,14,0.02012633894749897,0.06885465505693235,2.0997401205626254,30.495252918287935,9.651767577526897,0.9675654320987654,294.333093385214,2025,1
CMP-8450,New Product Launch - Google Ads 2025 Q2,Google Ads,2024-10-08,2024-11-18,10800.0,11238.72,1457418.0,94496.0,7274.0,34932.08,41,0.06483795314727826,0.07697680325093126,0.11893328818151032,1.545053615617267,3.1081902565416706,1.0406222222222221,4.802320593896068,2024,4
CMP-8451,Back to School - Facebook 2024 Q2,Facebook,2025-01-19,2025-02-28,21300.0,21227.15,2217581.0,23135.0,1021.0,125104.14,40,0.010432538879075894,0.04413226712772855,0.917534039334342,20.79054848188051,5.8935909907830295,0.9965798122065729,122.53098922624878,2025,1
CMP-8452,Black Friday - Google Ads 2025 Q1,Google Ads,2024-09-19,2024-09-28,8600.0,8092.13,1090555.0,80471.0,7826.0,24279.5,9,0.07378903402396028,0.0972524263399237,0.10055958046998298,1.0340058778430872,3.0003843240284076,0.9409453488372093,3.1024150268336315,2024,3
CMP-8453,Year End Clearance - Instagram 2024 Q2,Instagram,2024-01-12,2024-01-19,15900.0,17006.31,1201208.0,70057.0,3520.0,80040.71,7,0.05832212239678723,0.050244800662317825,0.24274961816806317,4.831338068181819,4.706530105590219,1.0695792452830188,22.73883806818182,2024,1
CMP-8454,Back to School - Facebook 2024 Q4,Facebook,2025-10-09,2025-11-17,6900.0,4842.49,326069.0,11667.0,543.0,26957.35,39,0.03578077032775272,0.046541527384931856,0.4150587126082112,8.918029465930019,5.566836482883805,0.7018101449275362,49.645211786372,2025,4
CMP-8455,Valentine's Special - Google Ads 2024 Q1,Google Ads,2024-12-21,2025-02-05,14600.0,13385.02,1100027.0,31557.0,3106.0,86672.13,46,0.02868747767100262,0.09842507209177044,0.42415375352536683,4.309407598197038,6.475308217694109,0.916782191780822,27.904742433998713,2024,4
CMP-8456,Referral Program - Email 2024 Q3,Email,2025-01-03,2025-02-19,5500.0,5699.27,2161708.0,102338.0,9707.0,70638.95,47,0.0473412690335605,0.09485235201000605,0.05569065254353222,0.5871299062532194,12.394385596751864,1.0362309090909092,7.277114453487174,2025,1
CMP-8457,Year End Clearance - LinkedIn 2025 Q4,LinkedIn,2024-04-27,2024-05-25,20100.0,15617.89,583191.0,10544.0,516.0,39032.26,28,0.018079840052401357,0.048937784522003036,1.481211115326252,30.26722868217054,2.4992018768220294,0.7770094527363184,75.64391472868218,2024,2
CMP-8458,Flash Sale - Email 2024 Q3,Email,2024-06-27,2024-07-08,11500.0,10087.49,5029262.0,565141.0,38318.0,144470.53,11,0.11237056251990848,0.06780254839057863,0.017849510122252676,0.2632572159298502,14.321751991823536,0.8771730434782609,3.7703045566052507,2024,2
CMP-8459,Year End Clearance - Facebook 2024 Q2,Facebook,2024-06-14,2024-06-24,20700.0,20576.29,1862837.0,30990.0,2071.0,41747.74,10,0.01663591607854042,0.06682800903517264,0.6639654727331398,9.93543698696282,2.0289245534544857,0.9940236714975846,20.15825205214872,2024,2
CMP-8460,Spring Sale - Facebook 2025 Q2,Facebook,2024-09-09,2024-11-04,8000.0,6621.99,489763.0,10770.0,728.0,32451.57,56,0.021990227926568566,0.06759517177344475,0.6148551532033426,9.09614010989011,4.900576714854598,0.8277487499999999,44.576332417582414,2024,3
CMP-8461,Flash Sale - Instagram 2025 Q3,Instagram,2024-02-18,2024-03-26,5900.0,4585.05,465143.0,22502.0,589.0,17618.5,37,0.048376520768881826,0.02617545107101591,0.2037618878321927,7.78446519524618,3.842597136345296,0.7771271186440678,29.912563667232597,2024,1
CMP-8462,Valentine's Special - Google Ads 2024 Q4,Google Ads,2025-09-15,2025-10-18,22500.0,16036.46,1935317.0,122435.0,3764.0,56280.02,33,0.06326353770467577,0.03074284314125863,0.13097937681218605,4.26048352816153,3.5095039678332998,0.7127315555555556,14.952183846971307,2025,3
CMP-8463,Holiday Deals - Google Ads 2025 Q2,Google Ads,2024-12-24,2025-01-12,17600.0,15527.24,2153454.0,117665.0,11674.0,83251.76,19,0.05464012697740467,0.09921386988484256,0.13196141588407767,1.3300702415624464,5.361658607711351,0.8822295454545455,7.131382559534007,2024,4
CMP-8464,Cyber Monday - Facebook 2024 Q2,Facebook,2025-06-08,2025-07-16,13800.0,13075.68,1712650.0,32417.0,1208.0,72574.93,38,0.018927977111493882,0.03726439830952895,0.40335873152975293,10.824238410596026,5.550375200371987,0.9475130434782609,60.078584437086086,2025,2
CMP-8465,Referral Program - Instagram 2024 Q3,Instagram,2024-06-02,2024-07-07,20000.0,15149.44,1120417.0,50872.0,3049.0,64485.22,35,0.04540452349437754,0.059934738166378364,0.29779525082560154,4.968658576582486,4.256607504963879,0.757472,21.149629386684158,2024,2
CMP-8466,Brand Awareness - LinkedIn 2025 Q3,LinkedIn,2024-03-09,2024-04-04,20500.0,22527.49,522369.0,2648.0,72.0,94043.2,26,0.005069213525304909,0.027190332326283987,8.507360271903323,312.88180555555556,4.174597347507422,1.0989019512195122,1306.1555555555556,2024,1
CMP-8467,Black Friday - Google Ads 2024 Q1,Google Ads,2024-07-16,2024-07-25,23800.0,25757.84,3918195.0,171704.0,15921.0,60316.76,9,0.04382221915958751,0.09272352420444487,0.1500130457065648,1.6178531499277684,2.341685482944222,1.0822621848739495,3.7885032347214374,2024,3
CMP-8468,Back to School - Email 2025 Q3,Email,2025-04-24,2025-05-25,1700.0,1197.96,653464.0,53266.0,5395.0,15589.56,31,0.08151328917889891,0.10128412120301881,0.022490143806555778,0.22205004633920297,13.013422818791945,0.7046823529411765,2.889631139944393,2025,2
CMP-8469,Holiday Deals - LinkedIn 2024 Q1,LinkedIn,2024-06-12,2024-07-13,9600.0,8018.16,260974.0,1901.0,110.0,46145.21,31,0.007284250538367807,0.057864281956864806,4.217864281956865,72.89236363636364,5.755087202051343,0.835225,419.50190909090907,2024,2
CMP-8470,Flash Sale - Email 2025 Q3,Email,2025-08-12,2025-09-19,700.0,609.6,266342.0,26168.0,2450.0,7593.97,38,0.09824961891102417,0.09362580250687863,0.023295628248242127,0.24881632653061225,12.457299868766404,0.8708571428571429,3.0995795918367346,2025,3
CMP-8471,Seasonal Collection - Instagram 2024 Q3,Instagram,2024-05-06,2024-05-31,3600.0,3888.29,227191.0,6161.0,158.0,14543.82,25,0.02711815168734677,0.02564518746956663,0.6311134556078558,24.609430379746836,3.7404154525511215,1.0800805555555555,92.04949367088608,2024,2
CMP-8472,Back to School - Google Ads 2024 Q4,Google Ads,2025-04-21,2025-06-19,7700.0,5403.49,728417.0,48311.0,3194.0,20932.68,59,0.06632327361936913,0.06611330752830619,0.11184802632940738,1.691762680025047,3.8739185230286353,0.7017519480519481,6.553750782717596,2025,2
CMP-8473,Valentine's Special - Facebook 2025 Q3,Facebook,2025-04-18,2025-05-03,24000.0,18812.27,1660680.0,80899.0,3430.0,49532.28,15,0.048714382060360814,0.04239854633555421,0.23254020445246543,5.484626822157434,2.63297730683219,0.7838445833333334,14.440897959183673,2025,2
CMP-8474,Brand Awareness - Google Ads 2025 Q3,Google Ads,2025-11-17,2026-01-06,14300.0,10924.85,735232.0,52578.0,1888.0,75537.54,50,0.07151212134401114,0.03590855490889726,0.20778367377990795,5.786467161016949,6.914286237339642,0.7639755244755245,40.009290254237285,2025,4
CMP-8475,Customer Retention - LinkedIn 2024 Q4,LinkedIn,2025-08-26,2025-10-05,23500.0,23594.95,872948.0,22958.0,1116.0,116347.31,40,0.026299390112584024,0.04861050614164997,1.0277441414757382,21.142428315412186,4.931025918681752,1.0040404255319149,104.25386200716845,2025,3
CMP-8476,Cyber Monday - Email 2024 Q3,Email,2024-12-15,2025-01-14,20200.0,17476.59,6588184.0,608240.0,49921.0,298986.29,30,0.09232286165656575,0.08207451006181771,0.028733049454162832,0.3500849341960297,17.1078162273075,0.8651777227722772,5.989188718174716,2024,4
CMP-8477,Seasonal Collection - Facebook 2024 Q4,Facebook,2025-02-18,2025-03-03,800.0,580.57,86566.0,3114.0,73.0,3016.05,13,0.03597255273432987,0.023442517662170842,0.18643866409762366,7.953013698630138,5.194980794736208,0.7257125000000001,41.31575342465754,2025,1
CMP-8478,Brand Awareness - Instagram 2024 Q4,Instagram,2024-10-11,2024-11-16,11500.0,8833.24,761526.0,28821.0,1420.0,37051.52,36,0.03784637688010652,0.04926962978383817,0.30648624267027513,6.220591549295775,4.1945560179503785,0.7681078260869565,26.092619718309855,2024,4
CMP-8479,Black Friday - Google Ads 2024 Q4,Google Ads,2025-05-20,2025-06-19,19100.0,13753.62,779875.0,44416.0,1739.0,50282.46,30,0.0569527167815355,0.03915255763688761,0.30965462896253604,7.908924669350202,3.655943671557015,0.7200848167539268,28.91458309373203,2025,2
CMP-8480,Cyber Monday - Facebook 2025 Q3,Facebook,2024-12-16,2025-01-23,16200.0,12704.58,1863712.0,52504.0,2861.0,68018.99,38,0.028171734688621417,0.05449108639341765,0.2419735639189395,4.440608178958406,5.353895209444154,0.7842333333333333,23.774550856343936,2024,4
CMP-8481,Customer Retention - Instagram 2025 Q4,Instagram,2024-11-12,2024-12-16,19900.0,21085.25,1973832.0,54893.0,3173.0,33823.11,34,0.027810370892760884,0.05780336290601716,0.3841154609877398,6.645209580838324,1.6041123534224162,1.0595603015075377,10.659662779703751,2024,4
CMP-8482,Spring Sale - LinkedIn 2025 Q2,LinkedIn,2024-02-14,2024-03-02,21100.0,21615.5,708169.0,7314.0,301.0,47008.6,17,0.010328043164837772,0.04115395132622368,2.955359584358764,71.81229235880399,2.1747634799102493,1.024431279620853,156.1747508305648,2024,1
CMP-8483,New Product Launch - Instagram 2025 Q2,Instagram,2025-09-16,2025-10-24,13000.0,10186.46,689850.0,25418.0,440.0,20084.95,38,0.03684569109226644,0.017310567314501535,0.40075773074199383,23.151045454545454,1.97173012017914,0.7835738461538461,45.64761363636364,2025,3
CMP-8484,Referral Program - Email 2025 Q2,Email,2024-05-02,2024-06-26,4300.0,4092.74,1369865.0,55626.0,4178.0,58311.7,55,0.040606921119964376,0.0751087620896703,0.07357602559953978,0.979593106749641,14.24759452102992,0.9518,13.956845380564863,2024,2
CMP-8485,Customer Retention - Facebook 2025 Q2,Facebook,2025-01-07,2025-01-23,6100.0,6657.48,561641.0,7799.0,272.0,30576.1,16,0.013886094498086856,0.034876266187972814,0.8536325169893576,24.476029411764703,4.59274380095772,1.0913901639344261,112.41213235294117,2025,1
CMP-8486,Referral Program - Email 2025 Q3,Email,2025-11-25,2026-01-17,5700.0,5179.19,2621646.0,151429.0,10044.0,39875.07,53,0.05776104020146122,0.06632811416571463,0.034202101314807595,0.5156501393866985,7.69909387375246,0.9086298245614034,3.9700388291517323,2025,4
CMP-8487,Black Friday - Google Ads 2025 Q1,Google Ads,2025-02-25,2025-04-15,11900.0,11501.45,1864766.0,70230.0,2273.0,23355.78,49,0.037661561825987816,0.03236508614552186,0.16376833262138688,5.060030796304444,2.0306813488734026,0.9665084033613446,10.275310162780466,2025,1
CMP-8488,Back to School - Email 2025 Q3,Email,2025-03-20,2025-04-05,13900.0,11132.08,4395902.0,508972.0,51555.0,190806.24,16,0.11578329089229014,0.10129240901267653,0.021871694317172653,0.21592629230918436,17.140214587031355,0.8008690647482014,3.7010229851614778,2025,1
CMP-8489,Spring Sale - Instagram 2025 Q3,Instagram,2025-09-29,2025-10-25,21800.0,16081.53,2247986.0,88193.0,1420.0,69036.98,26,0.039232005893275135,0.016101051103829103,0.18234474391391609,11.325021126760564,4.292936057700977,0.7376848623853212,48.617591549295774,2025,3
CMP-8490,Year End Clearance - LinkedIn 2025 Q1,LinkedIn,2025-08-17,2025-10-11,12700.0,13260.68,312979.0,9226.0,280.0,77242.53,55,0.02947801609692663,0.030349013657056147,1.4373162800780404,47.35957142857143,5.824929792439,1.044148031496063,275.8661785714286,2025,3
CMP-8491,Back to School - Instagram 2024 Q4,Instagram,2024-07-07,2024-07-30,16200.0,15858.02,2008879.0,113682.0,2939.0,76118.78,23,0.05658976971733987,0.02585281750848859,0.13949455498671734,5.3957196325280705,4.800017908919272,0.9788901234567902,25.899550867642056,2024,3
CMP-8492,Seasonal Collection - Google Ads 2024 Q3,Google Ads,2024-03-29,2024-05-10,8100.0,5916.95,408808.0,19327.0,895.0,43627.33,42,0.047276472084695015,0.04630827339990687,0.306149428260982,6.611117318435754,7.373280152781416,0.7304876543209876,48.745620111731846,2024,1
CMP-8493,Holiday Deals - Facebook 2025 Q4,Facebook,2025-03-08,2025-04-24,19900.0,19295.3,2585732.0,49328.0,1418.0,43400.55,47,0.019076996378588347,0.028746350956860203,0.3911632338631203,13.6074047954866,2.2492809129684432,0.9696130653266332,30.606875881523273,2025,1
CMP-8494,Flash Sale - Google Ads 2024 Q4,Google Ads,2025-01-22,2025-03-05,21000.0,22874.79,1216291.0,92279.0,7109.0,78448.55,42,0.07586917933290635,0.07703811268002471,0.24788727662848536,3.2177226051484036,3.4294762924599524,1.0892757142857143,11.035103390068928,2025,1
CMP-8495,Seasonal Collection - LinkedIn 2024 Q4,LinkedIn,2025-10-17,2025-11-20,19700.0,17788.66,453931.0,3877.0,120.0,87835.04,34,0.008540945650330116,0.030951766830023215,4.588253804488006,148.23883333333333,4.937698511298771,0.9029776649746193,731.9586666666667,2025,4
CMP-8496,Summer Promo - Facebook 2025 Q4,Facebook,2025-08-23,2025-10-15,14900.0,15122.34,852707.0,21757.0,1131.0,33490.89,53,0.025515212142037065,0.05198326975226364,0.6950563037183435,13.37076923076923,2.214663206884649,1.0149221476510066,29.611750663129975,2025,3
CMP-8497,Spring Sale - Facebook 2025 Q3,Facebook,2025-03-25,2025-04-12,13800.0,10584.78,1253000.0,37442.0,2151.0,41767.03,18,0.029881883479648843,0.057448854227872444,0.2826980396346349,4.920864714086472,3.9459516399962964,0.7670130434782609,19.41749418874942,2025,1
CMP-8498,Customer Retention - Facebook 2025 Q3,Facebook,2025-11-22,2025-12-14,19200.0,20002.83,2031202.0,94553.0,4189.0,48106.07,22,0.046550269249439495,0.04430319503347329,0.21155151079288867,4.775084745762713,2.404963197707524,1.0418140625,11.483903079493913,2025,4
CMP-8499,Summer Promo - Google Ads 2024 Q3,Google Ads,2025-09-27,2025-10-30,5400.0,5179.55,340754.0,10247.0,472.0,38335.02,33,0.030071547215880078,0.046062262125500145,0.5054698936274031,10.973622881355933,7.401225975229507,0.9591759259259259,81.2182627118644,2025,3
CMP-8500,Referral Program - Instagram 2024 Q4,Instagram,2025-04-24,2025-06-20,24500.0,24249.09,2816977.0,111087.0,6124.0,115804.13,57,0.03943482676642372,0.05512796276792064,0.21828917875178913,3.9596815806662313,4.775607249591634,0.9897587755102041,18.909884062704116,2025,2
CMP-8501,Brand Awareness - LinkedIn 2024 Q1,LinkedIn,2025-06-28,2025-08-25,13600.0,11572.05,287097.0,3047.0,66.0,91043.58,58,0.01061313772000404,0.021660649819494584,3.797850344601247,175.3340909090909,7.867541187602889,0.8508860294117646,1379.4481818181819,2025,2
CMP-8502,Free Trial Push - LinkedIn 2025 Q1,LinkedIn,2025-10-14,2025-11-03,20700.0,14594.81,379302.0,4912.0,159.0,39558.12,20,0.012950103084086033,0.03236970684039088,2.9712561074918566,91.79125786163522,2.710423773930596,0.7050632850241546,248.79320754716983,2025,4
CMP-8503,Back to School - Google Ads 2024 Q1,Google Ads,2025-04-27,2025-05-17,22700.0,16396.75,980910.0,48928.0,4548.0,103910.08,20,0.049880213271350074,0.09295291039895356,0.33511997220405493,3.6052660510114336,6.337236342567887,0.7223237885462555,22.847423043095866,2025,2
CMP-8504,Spring Sale - Google Ads 2025 Q1,Google Ads,2024-11-13,2024-12-02,9500.0,7682.86,1339204.0,54358.0,5194.0,37323.48,19,0.04058978318463804,0.09555171271937893,0.14133816549541925,1.4791798228725452,4.858019018959086,0.8087221052631579,7.1858837119753565,2024,4
CMP-8505,Customer Retention - Facebook 2024 Q3,Facebook,2025-02-01,2025-03-06,11400.0,10980.01,860306.0,29486.0,1699.0,33051.76,33,0.034273851397061045,0.057620565692192906,0.3723804517398087,6.462630959387876,3.0101757648672454,0.9631587719298246,19.453655091230136,2025,1
CMP-8506,Cyber Monday - LinkedIn 2025 Q4,LinkedIn,2025-03-25,2025-04-27,23800.0,20441.71,519441.0,10197.0,508.0,42202.18,33,0.019630718406902805,0.04981857409041875,2.0046788271060114,40.23958661417323,2.0645131938570698,0.8588953781512605,83.07515748031496,2025,1
CMP-8507,Brand Awareness - Google Ads 2024 Q2,Google Ads,2025-02-28,2025-03-15,20500.0,16545.9,1458182.0,96371.0,5524.0,107038.45,15,0.06608982966460977,0.057320148177356256,0.1716896161708398,2.9952751629254166,6.469182697828464,0.8071170731707318,19.376982259232438,2025,1
CMP-8508,Year End Clearance - Instagram 2025 Q3,Instagram,2024-02-03,2024-03-04,20000.0,19298.66,2878801.0,56033.0,2247.0,40202.36,30,0.0194640060219515,0.040101368836221514,0.3444159691610301,8.588633733867379,2.0831684686916088,0.964933,17.8915709835336,2024,1
CMP-8509,Customer Retention - LinkedIn 2024 Q3,LinkedIn,2025-07-15,2025-08-05,12900.0,9835.7,456020.0,13535.0,896.0,22936.94,21,0.029680715758080786,0.0661987439970447,0.7266863686738086,10.977343750000001,2.3320089063310183,0.7624573643410854,25.599263392857143,2025,3
CMP-8510,Referral Program - Email 2025 Q2,Email,2025-06-10,2025-07-21,4200.0,4114.52,1499017.0,93812.0,3633.0,54743.3,41,0.06258234563050319,0.03872638894810898,0.043859207777256645,1.132540600055051,13.304905553989286,0.9796476190476191,15.068345719790807,2025,2
CMP-8511,Flash Sale - Email 2024 Q2,Email,2025-04-27,2025-05-22,24700.0,23253.2,18005079.0,1352320.0,54881.0,163145.29,25,0.07510769600066737,0.04058285021296734,0.017195042593469,0.4237021920154516,7.016036072454544,0.9414251012145749,2.97270986315847,2025,2
CMP-8512,Free Trial Push - Facebook 2025 Q3,Facebook,2024-11-02,2024-11-21,11700.0,10183.49,1117111.0,47119.0,2873.0,19985.17,19,0.042179335804588804,0.06097328041766591,0.21612279547528598,3.544549251653324,1.9625069597947264,0.8703837606837607,6.956202575704838,2024,4
CMP-8513,Black Friday - Email 2024 Q4,Email,2024-08-18,2024-10-08,20500.0,18545.38,19333262.0,1733217.0,52962.0,276149.75,51,0.08964948594810332,0.03055705084822039,0.010699975825300584,0.3501638910917262,14.890487549998975,0.9046526829268293,5.214111060760545,2024,3
CMP-8514,Holiday Deals - Google Ads 2025 Q4,Google Ads,2024-10-19,2024-11-20,6900.0,5882.98,414861.0,24547.0,1273.0,37231.51,32,0.05916921571321479,0.05185969772273598,0.2396618731413207,4.621351139041634,6.328682062492139,0.8526057971014492,29.247062058130403,2024,4
CMP-8515,Holiday Deals - Instagram 2024 Q1,Instagram,2025-05-10,2025-06-14,3300.0,2792.61,187449.0,10778.0,264.0,4242.55,35,0.05749830620595468,0.02449434032287994,0.2591028020040824,10.578068181818182,1.5192060473893598,0.8462454545454546,16.07026515151515,2025,2
CMP-8516,Year End Clearance - Instagram 2025 Q4,Instagram,2024-07-15,2024-08-21,8100.0,8807.55,463779.0,24199.0,758.0,20799.0,37,0.0521778692006322,0.031323608413570805,0.36396338691681474,11.619459102902374,2.361496670470222,1.0873518518518517,27.439313984168866,2024,3
CMP-8517,Back to School - Instagram 2024 Q2,Instagram,2024-04-13,2024-04-27,24000.0,23445.93,2696116.0,94978.0,5114.0,58811.12,14,0.035227712754199,0.053844048095348394,0.24685642991008444,4.584655846695346,2.508372242005329,0.97691375,11.500023464998046,2024,2
CMP-8518,Black Friday - Facebook 2025 Q4,Facebook,2025-09-05,2025-10-14,21500.0,15497.1,1000001.0,34571.0,2059.0,92308.24,39,0.034570965429034574,0.05955858956929218,0.44826878019148997,7.526517727051967,5.956484761665086,0.7207953488372093,44.83158814958718,2025,3
CMP-8519,Referral Program - Facebook 2024 Q4,Facebook,2024-11-09,2024-12-13,19800.0,16652.82,1234610.0,20762.0,651.0,48149.15,34,0.016816646552352564,0.031355360755225894,0.8020816876986803,25.58036866359447,2.8913511345225613,0.8410515151515151,73.96182795698925,2024,4
CMP-8520,Black Friday - Facebook 2024 Q3,Facebook,2025-08-19,2025-10-16,23200.0,16368.27,1076416.0,46759.0,3225.0,72164.53,58,0.04343952523931268,0.06897067944139096,0.3500560319938408,5.075432558139535,4.408806184159963,0.7055288793103448,22.376598449612402,2025,3
CMP-8521,Year End Clearance - Instagram 2025 Q3,Instagram,2024-01-12,2024-02-02,16300.0,17180.75,926294.0,31480.0,1079.0,44571.89,21,0.03398489032639745,0.03427573062261754,0.5457671537484117,15.922845227062094,2.594292449398309,1.0540337423312884,41.3085171455051,2024,1
CMP-8522,Summer Promo - Facebook 2025 Q1,Facebook,2025-08-16,2025-09-10,15700.0,11207.84,3397987.0,96224.0,4929.0,26019.12,25,0.02831794235822562,0.05122422680412371,0.11647655470568673,2.273856766078312,2.321510656825936,0.7138751592356688,5.278782714546561,2025,3
CMP-8523,New Product Launch - Facebook 2025 Q2,Facebook,2025-02-17,2025-03-01,6400.0,5076.99,770191.0,22814.0,1087.0,12776.95,12,0.029621223826297633,0.04764618216884369,0.22253835364250021,4.67064397424103,2.516638795821934,0.7932796875,11.75432382704692,2025,1
CMP-8524,Flash Sale - Facebook 2024 Q4,Facebook,2024-09-29,2024-10-20,13700.0,14502.75,868138.0,26125.0,694.0,52196.43,21,0.030093141873757397,0.026564593301435405,0.5551291866028708,20.897334293948127,3.5990712106324665,1.058594890510949,75.21099423631124,2024,3
CMP-8525,Brand Awareness - Email 2025 Q1,Email,2024-02-21,2024-03-28,3900.0,3688.5,3165807.0,158839.0,5790.0,26322.41,36,0.050173304942468064,0.03645200486026731,0.023221626930413814,0.6370466321243523,7.136345397858208,0.9457692307692308,4.546184801381693,2024,1
CMP-8526,Seasonal Collection - LinkedIn 2024 Q4,LinkedIn,2024-10-28,2024-12-20,16300.0,13053.71,1029010.0,23510.0,575.0,126538.11,53,0.022847202651091827,0.024457677584006805,0.5552407486176095,22.702104347826086,9.69365107697352,0.8008411042944785,220.06627826086955,2024,4
CMP-8527,Spring Sale - Instagram 2024 Q3,Instagram,2025-07-22,2025-08-10,14700.0,13681.42,1969303.0,49603.0,1260.0,49519.39,19,0.025188099545879937,0.025401689413946736,0.27581839808076125,10.858269841269841,3.619462745826091,0.930708843537415,39.30110317460318,2025,3
CMP-8528,Customer Retention - Facebook 2024 Q1,Facebook,2024-03-13,2024-03-27,10900.0,11706.61,1191996.0,16633.0,612.0,59356.23,14,0.01395390588559022,0.036794324535561834,0.7038183129922444,19.1284477124183,5.070317538553006,1.0740009174311926,96.98730392156864,2024,1
CMP-8529,Brand Awareness - Google Ads 2024 Q4,Google Ads,2024-05-14,2024-07-04,15900.0,14372.7,1203507.0,47612.0,2461.0,103322.79,51,0.03956104949950436,0.051688649920188186,0.3018713769637907,5.840186915887851,7.188822559435596,0.9039433962264152,41.984067452255175,2024,2
CMP-8530,Black Friday - LinkedIn 2024 Q2,LinkedIn,2024-11-10,2024-11-25,15000.0,15154.75,446273.0,12594.0,611.0,39733.98,15,0.028220394242985794,0.048515165952040654,1.2033309512466255,24.8031914893617,2.6218829079991424,1.0103166666666668,65.03106382978724,2024,4
CMP-8531,Back to School - LinkedIn 2024 Q4,LinkedIn,2025-11-01,2025-12-14,17700.0,16557.89,589705.0,5218.0,168.0,66537.8,43,0.008848492042631485,0.03219624377155998,3.173225373706401,98.55886904761904,4.018495110186141,0.935474011299435,396.05833333333334,2025,4
CMP-8532,Valentine's Special - Instagram 2024 Q1,Instagram,2024-11-07,2024-12-22,2400.0,2039.28,196899.0,8367.0,349.0,6413.41,45,0.04249386741425807,0.04171148559818334,0.24372893510218716,5.843209169054441,3.144938409634773,0.8497,18.3765329512894,2024,4
CMP-8533,Seasonal Collection - Instagram 2025 Q2,Instagram,2024-02-14,2024-03-31,22700.0,19478.1,2126063.0,121781.0,2084.0,45278.16,46,0.05728005237850431,0.01711268588696102,0.15994366937371182,9.346497120921304,2.3245675912948394,0.8580660792951541,21.726564299424187,2024,1
CMP-8534,Year End Clearance - Email 2024 Q4,Email,2024-09-26,2024-11-12,15200.0,14624.95,5672305.0,304139.0,11982.0,230742.9,47,0.053618238088396164,0.03939646017117173,0.04808640128362361,1.2205766983809048,15.777346247337597,0.9621677631578948,19.25746119178768,2024,3
CMP-8535,Year End Clearance - Facebook 2024 Q1,Facebook,2024-10-07,2024-11-14,10800.0,11215.6,667800.0,31679.0,958.0,21928.19,38,0.047437855645402816,0.03024085356229679,0.35403895324978696,11.707306889352818,1.9551508613003314,1.0384814814814816,22.88955114822547,2024,4
CMP-8536,Brand Awareness - Email 2025 Q4,Email,2024-09-26,2024-10-31,20700.0,19697.86,16858344.0,636072.0,35109.0,225829.16,35,0.037730396295152124,0.055196581519073314,0.03096797217925015,0.5610487339428637,11.464654536076507,0.9515874396135267,6.432229912558034,2024,3
CMP-8537,Spring Sale - Google Ads 2024 Q3,Google Ads,2024-06-11,2024-07-29,23100.0,21903.87,1217424.0,27846.0,1889.0,132936.8,48,0.02287288569964121,0.06783739136680313,0.7866074121956474,11.595484383271572,6.069101031005023,0.9482194805194805,70.37416622551613,2024,2
CMP-8538,Summer Promo - Instagram 2024 Q2,Instagram,2024-08-26,2024-10-15,9600.0,10120.3,610427.0,30437.0,552.0,35619.16,50,0.04986181803884822,0.018135821533002597,0.3324999178631271,18.3338768115942,3.5195755066549417,1.0541979166666666,64.52746376811595,2024,3
CMP-8539,Customer Retention - Google Ads 2025 Q1,Google Ads,2025-10-23,2025-12-02,13200.0,12315.0,493112.0,30053.0,2501.0,67688.03,40,0.0609455863982219,0.08321964529331514,0.4097760622899544,4.924030387844862,5.496388956557044,0.9329545454545455,27.064386245501797,2025,4
CMP-8540,Referral Program - Facebook 2024 Q2,Facebook,2025-07-03,2025-08-22,19800.0,20302.6,3392372.0,72785.0,2033.0,55927.19,50,0.021455488961705852,0.02793157930892354,0.27893934189736896,9.98652238071815,2.754681173839804,1.0253838383838383,27.509685194294146,2025,3
CMP-8541,Back to School - Email 2024 Q2,Email,2025-02-10,2025-04-01,4000.0,4095.85,6118974.0,497431.0,46834.0,33593.68,50,0.08129320372990635,0.0941517517002358,0.008234006324495256,0.08745462698039885,8.201882393154046,1.0239624999999999,0.7172925652303882,2025,1
CMP-8542,Summer Promo - LinkedIn 2025 Q3,LinkedIn,2025-05-07,2025-05-19,23100.0,21891.2,584192.0,10175.0,515.0,130315.16,12,0.017417218996494302,0.050614250614250615,2.1514692874692876,42.50718446601942,5.952855942113726,0.9476709956709957,253.03914563106798,2025,2
CMP-8543,Cyber Monday - Instagram 2025 Q2,Instagram,2025-09-06,2025-10-16,17600.0,14535.42,1238275.0,50181.0,942.0,58621.97,40,0.04052492378510428,0.018772045196389073,0.2896598314102947,15.430382165605096,4.033042732855328,0.8258761363636363,62.2313906581741,2025,3
CMP-8544,Flash Sale - Email 2024 Q4,Email,2024-04-11,2024-04-23,11200.0,11387.43,10268110.0,942085.0,68299.0,71088.16,12,0.09174862754684163,0.07249770455956735,0.012087476183146956,0.1667290882736204,6.242686892477056,1.0167348214285714,1.0408374939603802,2024,2
CMP-8545,Free Trial Push - Google Ads 2024 Q3,Google Ads,2025-11-20,2025-12-08,18300.0,16067.21,656005.0,42652.0,3246.0,79582.17,18,0.06501779712044878,0.07610428584826034,0.3767047266247772,4.949849044978435,4.953079595026144,0.8779896174863387,24.516996303142328,2025,4
CMP-8546,Referral Program - Email 2025 Q3,Email,2024-10-17,2024-11-13,19900.0,21798.64,29102887.0,953926.0,85152.0,365781.35,27,0.03277771033506057,0.08926478573809708,0.022851500011531294,0.2559968057121383,16.780007835351196,1.0954090452261307,4.295628405674558,2024,4
CMP-8547,Free Trial Push - Google Ads 2024 Q4,Google Ads,2024-01-31,2024-03-24,17600.0,18410.82,3368527.0,137737.0,11830.0,122903.9,53,0.04088938577603801,0.08588832339894147,0.13366648032119183,1.5562823330515638,6.675634219442697,1.0460693181818181,10.389171597633135,2024,1
CMP-8548,Valentine's Special - Instagram 2024 Q2,Instagram,2024-07-03,2024-08-10,1400.0,1110.56,140842.0,6499.0,167.0,4140.16,38,0.046143905937149426,0.025696260963225113,0.17088167410370825,6.650059880239521,3.7279930845699467,0.7932571428571428,24.791377245508983,2024,3
CMP-8549,Holiday Deals - Facebook 2024 Q4,Facebook,2024-04-01,2024-05-14,24600.0,26649.83,1592781.0,61878.0,2682.0,82166.53,43,0.03884903197614738,0.043343353049549116,0.4306834416109118,9.936551081282625,3.0831915250491275,1.0833264227642276,30.636290082028335,2024,2
CMP-8550,Summer Promo - Google Ads 2024 Q1,Google Ads,2024-02-03,2024-03-06,19400.0,14670.78,1105181.0,58624.0,4043.0,83224.47,32,0.053044704894492395,0.0689649290393013,0.2502521151746725,3.6286866188473907,5.672804717949557,0.7562257731958764,20.5848305713579,2024,1
CMP-8551,Back to School - LinkedIn 2025 Q3,LinkedIn,2024-01-20,2024-02-20,800.0,582.13,23264.0,415.0,26.0,3234.83,31,0.01783872077028886,0.06265060240963856,1.402722891566265,22.389615384615386,5.556885918952811,0.7276625,124.41653846153847,2024,1
CMP-8552,Back to School - Email 2024 Q4,Email,2025-03-15,2025-05-14,19700.0,16986.76,6717756.0,388632.0,19115.0,252419.49,60,0.05785146111290734,0.04918534757817164,0.04370911299121019,0.8886612607899554,14.859778439207949,0.862272081218274,13.205309442845932,2025,1
CMP-8553,Referral Program - Facebook 2025 Q2,Facebook,2025-05-27,2025-07-07,16600.0,13325.91,2392261.0,95015.0,5257.0,54150.45,41,0.03971765622563759,0.05532810608851234,0.1402505920117876,2.5348887198021686,4.0635461293074915,0.8027656626506025,10.300637245577326,2025,2
CMP-8554,Brand Awareness - LinkedIn 2024 Q4,LinkedIn,2024-02-26,2024-04-14,11600.0,9737.38,289600.0,2603.0,127.0,19952.84,48,0.008988259668508287,0.04878985785631963,3.7408298117556664,76.67228346456692,2.049097395808729,0.8394293103448275,157.10897637795276,2024,1
CMP-8555,Referral Program - LinkedIn 2025 Q4,LinkedIn,2025-08-05,2025-09-04,800.0,790.18,29500.0,198.0,8.0,7539.35,30,0.006711864406779661,0.04040404040404041,3.9908080808080806,98.7725,9.541307043964668,0.987725,942.41875,2025,3
CMP-8556,Brand Awareness - Instagram 2024 Q1,Instagram,2025-02-02,2025-02-22,12300.0,12029.86,1573360.0,30590.0,676.0,45944.83,20,0.019442467076829208,0.022098725073553448,0.39326119646943447,17.795650887573967,3.81923231026795,0.9780373983739837,67.965724852071,2025,1
CMP-8557,Referral Program - Facebook 2025 Q3,Facebook,2025-03-14,2025-04-30,22100.0,22969.34,1738479.0,60651.0,1803.0,110336.89,47,0.03488739294521245,0.029727457090567344,0.3787132940924305,12.739511924570161,4.803659574023459,1.0393366515837104,61.19627842484748,2025,1
CMP-8558,Valentine's Special - Instagram 2025 Q2,Instagram,2024-02-10,2024-03-20,3600.0,2963.37,168792.0,5412.0,170.0,8658.26,39,0.032063130954073656,0.031411677753141166,0.5475554323725055,17.431588235294118,2.92176137303138,0.8231583333333333,50.93094117647059,2024,1
CMP-8559,Spring Sale - Facebook 2024 Q1,Facebook,2025-03-21,2025-05-05,9300.0,8525.69,675303.0,10008.0,418.0,33294.08,45,0.014820014126991883,0.04176658673061551,0.8518874900079937,20.396387559808613,3.9051478531356407,0.9167408602150539,79.6509090909091,2025,1
CMP-8560,Holiday Deals - Google Ads 2024 Q4,Google Ads,2024-11-26,2024-12-16,23200.0,16985.28,1607202.0,89634.0,5000.0,85724.64,20,0.055770214322779586,0.05578240399848272,0.1894959501974697,3.3970559999999996,5.046995987113548,0.7321241379310345,17.144928,2024,4
CMP-8561,Spring Sale - Facebook 2024 Q1,Facebook,2024-11-28,2025-01-06,24500.0,26865.13,1830841.0,56001.0,3640.0,89385.35,39,0.030587582427966165,0.06499883930644096,0.4797258977518259,7.38053021978022,3.3271884409269563,1.0965359183673469,24.556414835164837,2024,4
CMP-8562,Cyber Monday - Google Ads 2025 Q2,Google Ads,2025-01-31,2025-03-11,21500.0,23441.43,2419886.0,115331.0,9696.0,161879.36,39,0.04765968314209843,0.08407106502154668,0.20325350512871648,2.417639232673267,6.90569474643825,1.090299069767442,16.695478547854783,2025,1
CMP-8563,Cyber Monday - Google Ads 2024 Q3,Google Ads,2024-12-27,2025-02-02,2400.0,1921.81,167781.0,4224.0,388.0,6719.17,37,0.025175675434047955,0.09185606060606061,0.4549739583333333,4.953118556701031,3.496271743824832,0.8007541666666667,17.317448453608247,2024,4
CMP-8564,Spring Sale - LinkedIn 2024 Q4,LinkedIn,2025-03-02,2025-03-19,11800.0,8505.32,380601.0,4297.0,241.0,72738.11,17,0.01129003864939924,0.05608564114498487,1.979362345822667,35.291784232365146,8.552072114864579,0.7207898305084746,301.8178838174274,2025,1
CMP-8565,Holiday Deals - Google Ads 2025 Q2,Google Ads,2024-02-25,2024-04-25,11000.0,10087.75,686706.0,28462.0,1042.0,80206.98,60,0.0414471404065204,0.03661021713161408,0.35442871196683295,9.681142034548945,7.950928601521647,0.9170681818181818,76.97406909788867,2024,1
CMP-8566,Free Trial Push - Email 2025 Q1,Email,2024-05-03,2024-05-28,18500.0,17125.76,13805066.0,634430.0,30877.0,330312.58,25,0.04595631777493856,0.048668883880018284,0.02699393156061346,0.5546445574375748,19.2874698699503,0.9257167567567567,10.697690190109144,2024,2
CMP-8567,Year End Clearance - Email 2025 Q1,Email,2024-05-23,2024-07-08,15700.0,17174.75,9694672.0,586210.0,41202.0,313030.23,46,0.06046723396108708,0.07028539260674502,0.02929794783439382,0.4168426289985923,18.226188445246656,1.0939331210191083,7.597452308140381,2024,2
CMP-8568,Cyber Monday - Facebook 2025 Q2,Facebook,2024-09-16,2024-10-23,9200.0,9043.93,1122198.0,18364.0,1155.0,46368.3,37,0.016364313605976843,0.06289479416249183,0.4924814855151383,7.8302424242424244,5.127007838406533,0.9830358695652174,40.14571428571429,2024,3
CMP-8569,Summer Promo - Facebook 2025 Q4,Facebook,2024-12-28,2025-01-20,14900.0,12946.04,1617683.0,66056.0,1691.0,19454.54,23,0.04083371093100441,0.025599491340680635,0.19598583020467483,7.65584861028977,1.5027406063939244,0.868861744966443,11.504754583086932,2024,4
CMP-8570,Flash Sale - Email 2025 Q4,Email,2025-07-05,2025-08-10,16600.0,15248.52,18437274.0,1098217.0,114927.0,296128.86,36,0.05956504199048081,0.1046487169657727,0.013884796902615786,0.13268004907463,19.42017061327919,0.9185855421686747,2.57666919000757,2025,3
CMP-8571,New Product Launch - Instagram 2024 Q1,Instagram,2024-07-25,2024-08-14,19700.0,18916.22,1028387.0,20802.0,384.0,64870.53,20,0.020227793622439802,0.018459763484280356,0.9093462167099318,49.260989583333334,3.4293600941414297,0.9602142131979696,168.933671875,2024,3
CMP-8572,Free Trial Push - Instagram 2024 Q2,Instagram,2025-10-29,2025-12-15,22600.0,15890.55,2814839.0,35127.0,1552.0,34378.54,47,0.012479221724581761,0.04418253764910183,0.45237424203604065,10.238756443298968,2.163458155948032,0.7031216814159291,22.15112113402062,2025,4
CMP-8573,Year End Clearance - LinkedIn 2024 Q2,LinkedIn,2025-02-23,2025-04-11,2200.0,2303.6,52439.0,887.0,34.0,15791.19,47,0.01691489158832167,0.038331454340473504,2.5970687711386695,67.75294117647059,6.855005209237715,1.047090909090909,464.44676470588234,2025,1
CMP-8574,Referral Program - Facebook 2025 Q3,Facebook,2024-02-04,2024-03-26,3600.0,3648.71,1002682.0,14763.0,919.0,15563.12,51,0.014723511542044238,0.062250220144956986,0.24715234031023506,3.970304678998912,4.265375982196447,1.0135305555555556,16.934842219804136,2024,1
CMP-8575,Cyber Monday - Instagram 2024 Q1,Instagram,2024-11-12,2024-11-29,10000.0,7028.81,381213.0,15420.0,360.0,19729.92,17,0.040449827261924434,0.023346303501945526,0.4558242542153048,19.524472222222222,2.8070071605293068,0.7028810000000001,54.80533333333333,2024,4
CMP-8576,Cyber Monday - Instagram 2024 Q2,Instagram,2025-07-14,2025-08-22,11900.0,10368.3,732622.0,29211.0,1377.0,23795.97,39,0.0398718575199762,0.04713977611173873,0.3549450549450549,7.529629629629629,2.295069587106855,0.8712857142857142,17.281023965141614,2025,3
CMP-8577,Valentine's Special - Facebook 2025 Q4,Facebook,2024-09-22,2024-10-25,21500.0,22810.8,1269050.0,39730.0,1126.0,105111.91,33,0.031306883101532644,0.028341303800654416,0.5741454820035238,20.258259325044403,4.607988759710313,1.060967441860465,93.34983126110124,2024,3
CMP-8578,New Product Launch - Email 2024 Q2,Email,2025-06-22,2025-08-10,23200.0,17501.04,6543646.0,721416.0,30947.0,98914.74,49,0.11024679513531141,0.04289757920534061,0.024259290062876346,0.5655165282579895,5.65193497072174,0.7543551724137931,3.19626264258248,2025,2
CMP-8579,Year End Clearance - Facebook 2024 Q4,Facebook,2025-01-01,2025-02-06,24600.0,22158.95,5131118.0,173417.0,8699.0,36983.25,36,0.03379711789906215,0.050162325492887086,0.12777841849414995,2.547298540062076,1.6689983054251216,0.9007703252032521,4.251436946775492,2025,1
CMP-8580,Summer Promo - LinkedIn 2024 Q4,LinkedIn,2024-08-23,2024-10-09,20800.0,18645.38,1382397.0,18532.0,748.0,48007.99,47,0.013405700388528043,0.040362616015540684,1.0061180660479172,24.92697860962567,2.5747927904928725,0.8964125000000001,64.18180481283422,2024,3
CMP-8581,Year End Clearance - Email 2024 Q1,Email,2025-05-04,2025-07-01,13800.0,13441.98,5220518.0,584913.0,39793.0,223920.94,58,0.11204118058782672,0.06803233985225153,0.022981161300911417,0.33779760259342095,16.658330097202942,0.9740565217391304,5.627143970044983,2025,2
CMP-8582,Seasonal Collection - Instagram 2024 Q1,Instagram,2024-12-07,2025-01-26,16900.0,12913.15,649550.0,17416.0,1008.0,37479.72,50,0.0268124085905627,0.05787781350482315,0.7414532613688563,12.810664682539683,2.9024459562538962,0.7640917159763313,37.18226190476191,2024,4
CMP-8583,Seasonal Collection - Facebook 2024 Q2,Facebook,2025-03-27,2025-04-23,2300.0,1770.69,100482.0,3336.0,148.0,5353.25,27,0.033199976115125096,0.04436450839328537,0.5307823741007195,11.964121621621622,3.0232564706413885,0.7698652173913044,36.170608108108105,2025,1
CMP-8584,Valentine's Special - Facebook 2025 Q3,Facebook,2025-07-15,2025-08-04,14600.0,15540.37,1723392.0,43709.0,2378.0,89635.31,20,0.025362192699049317,0.05440527122560571,0.3555416504610035,6.535058873002524,5.767900635570452,1.064408904109589,37.69357022708158,2025,3
CMP-8585,Spring Sale - Google Ads 2024 Q4,Google Ads,2024-01-05,2024-01-18,6900.0,6671.19,449454.0,17066.0,1643.0,35274.43,13,0.03797051533638593,0.09627329192546584,0.390905308801125,4.060371272063299,5.287576879087539,0.9668391304347825,21.46952525867316,2024,1
CMP-8586,Customer Retention - Instagram 2024 Q3,Instagram,2025-03-24,2025-05-19,13400.0,13468.85,1899678.0,74763.0,3115.0,22482.15,56,0.03935561710984704,0.04166499471663791,0.180153953158648,4.323868378812199,1.6691959595659616,1.0051380597014925,7.217383627608347,2025,1
CMP-8587,Back to School - Google Ads 2025 Q3,Google Ads,2025-05-03,2025-05-27,13800.0,10612.58,1067995.0,31604.0,2503.0,82332.67,24,0.02959189883847771,0.07919883559043159,0.3357986330844197,4.239944067119457,7.758025852337509,0.769027536231884,32.893595685177786,2025,2
CMP-8588,New Product Launch - Instagram 2025 Q2,Instagram,2024-06-07,2024-08-02,10200.0,8527.52,2024706.0,54492.0,2873.0,39098.38,56,0.02691353707649407,0.052723335535491446,0.15649122807017546,2.9681587191089456,4.584964913597387,0.8360313725490196,13.608903585102679,2024,2
CMP-8589,Back to School - Facebook 2024 Q2,Facebook,2025-10-07,2025-10-17,5600.0,5545.71,432920.0,20938.0,1075.0,29390.85,10,0.0483645939203548,0.0513420575031044,0.264863406247015,5.1588,5.29974520845843,0.9903053571428572,27.340325581395348,2025,4
CMP-8590,Summer Promo - LinkedIn 2025 Q2,LinkedIn,2025-11-19,2025-12-26,18000.0,19137.84,507659.0,14447.0,795.0,58815.75,37,0.028458079143677154,0.05502872568699384,1.3246930158510417,24.072754716981134,3.0732700242033584,1.0632133333333333,73.98207547169811,2025,4
CMP-8591,Black Friday - LinkedIn 2025 Q2,LinkedIn,2025-05-31,2025-07-29,9100.0,8814.65,239740.0,5182.0,198.0,21419.03,59,0.02161508300659047,0.03820918564260903,1.7010131223465843,44.51843434343434,2.4299353916491295,0.9686428571428571,108.17691919191918,2025,2
CMP-8592,Back to School - Google Ads 2025 Q2,Google Ads,2025-08-09,2025-09-20,12500.0,13473.92,1700906.0,130777.0,7909.0,104493.31,42,0.07688667098593338,0.06047699519028575,0.10302973764499875,1.7036186622834746,7.755227135087636,1.0779136,13.211949677582501,2025,3
CMP-8593,New Product Launch - Google Ads 2025 Q3,Google Ads,2024-07-30,2024-08-26,21100.0,20663.46,1748188.0,63641.0,3317.0,83176.31,27,0.03640397943470611,0.05212048836441916,0.32468785845602677,6.22956285800422,4.025284729662893,0.9793109004739337,25.075764244799515,2024,3
CMP-8594,Cyber Monday - Facebook 2024 Q4,Facebook,2024-05-10,2024-05-28,12600.0,12586.13,906621.0,13649.0,750.0,56529.74,18,0.01505480239262051,0.05494908051871932,0.9221283610520916,16.781506666666665,4.4914314408003095,0.9988992063492063,75.37298666666666,2024,2
CMP-8595,Customer Retention - Google Ads 2024 Q1,Google Ads,2024-06-23,2024-07-30,16800.0,13454.61,546405.0,26045.0,1295.0,60664.6,37,0.04766610847265307,0.04972163563063928,0.5165909003647533,10.389660231660232,4.508833775189322,0.8008696428571429,46.84525096525096,2024,2
CMP-8596,Seasonal Collection - Email 2024 Q4,Email,2024-11-18,2024-11-30,13000.0,10667.22,5792703.0,362196.0,15223.0,112312.94,12,0.0625262506985081,0.04202972975957769,0.02945151244077792,0.7007304736254352,10.528791943917911,0.8205553846153846,7.377845365565263,2024,4
CMP-8597,Year End Clearance - Google Ads 2025 Q4,Google Ads,2025-06-26,2025-07-21,3800.0,4158.89,635741.0,20484.0,1905.0,15398.32,25,0.032220668479774,0.09299941417691857,0.203031146260496,2.183144356955381,3.7025071593622334,1.0944447368421053,8.083107611548556,2025,2
CMP-8598,Referral Program - Google Ads 2024 Q1,Google Ads,2025-07-11,2025-09-08,19300.0,19502.74,1297287.0,62068.0,4967.0,89935.35,59,0.04784446309875918,0.08002513372430238,0.314215698910872,3.9264626535131875,4.611421266960437,1.0105046632124353,18.106573384336624,2025,3
CMP-8599,Brand Awareness - Email 2024 Q1,Email,2024-08-15,2024-09-11,22900.0,16266.12,7952057.0,292794.0,25163.0,157483.65,27,0.036819907100766505,0.08594096873569813,0.05555482694317507,0.6464300759050988,9.68169729474515,0.7103109170305677,6.258540317132297,2024,3
CMP-8600,Free Trial Push - Facebook 2024 Q2,Facebook,2025-05-02,2025-05-14,17100.0,14312.72,1559240.0,46861.0,1527.0,65542.74,12,0.0300537441317565,0.032585732272038585,0.3054292482021297,9.373097576948265,4.579335025068611,0.8370011695906432,42.922554027504916,2025,2
CMP-8601,Valentine's Special - Google Ads 2025 Q3,Google Ads,2025-11-12,2025-12-19,11800.0,8981.78,652878.0,38371.0,3423.0,20095.76,37,0.05877208299253459,0.08920799562169347,0.23407729795939644,2.623949751679813,2.237391697414098,0.7611677966101695,5.870803388840198,2025,4
CMP-8602,New Product Launch - Instagram 2025 Q2,Instagram,2025-11-02,2025-12-31,13600.0,14307.32,2062927.0,122217.0,7036.0,42722.26,59,0.059244461873832664,0.057569732524935156,0.11706489277269119,2.033445139283684,2.986042109912968,1.0520088235294118,6.07195281409892,2025,4
CMP-8603,Year End Clearance - Google Ads 2025 Q2,Google Ads,2024-04-17,2024-05-09,14200.0,10278.08,531293.0,17316.0,862.0,33648.16,22,0.0325921854795753,0.04978054978054978,0.5935597135597136,11.92352668213457,3.273778760235375,0.7238084507042254,39.03498839907193,2024,2
CMP-8604,Free Trial Push - Google Ads 2025 Q2,Google Ads,2025-10-14,2025-11-03,1100.0,919.59,68333.0,3793.0,196.0,2654.37,20,0.055507587841891914,0.051674136567360925,0.24244397574479304,4.6917857142857144,2.88647114474929,0.8359909090909091,13.542704081632653,2025,4
CMP-8605,Spring Sale - Email 2024 Q4,Email,2025-11-15,2026-01-14,1100.0,1072.45,955025.0,83184.0,8769.0,9500.97,60,0.08710138478050312,0.10541690709751875,0.01289250336603193,0.12230014824951535,8.859126299594386,0.9749545454545455,1.0834724598015737,2025,4
CMP-8606,Back to School - Instagram 2024 Q1,Instagram,2025-02-24,2025-04-16,19400.0,16486.84,942610.0,13744.0,723.0,54526.51,51,0.014580791631745898,0.05260477299185099,1.1995663562281722,22.803374827109266,3.307274771878662,0.8498371134020619,75.41702627939142,2025,1
CMP-8607,New Product Launch - Facebook 2025 Q1,Facebook,2024-10-06,2024-11-22,13000.0,13755.74,1478424.0,37080.0,2188.0,23951.94,47,0.02508076167594682,0.05900755124056095,0.37097464940668823,6.286901279707496,1.7412323873524798,1.058133846153846,10.946956124314442,2024,4
CMP-8608,Flash Sale - LinkedIn 2024 Q2,LinkedIn,2024-11-27,2025-01-10,23900.0,18242.46,592792.0,12992.0,555.0,170661.42,44,0.021916625055668767,0.0427185960591133,1.4041302339901478,32.869297297297294,9.355175782213584,0.7632828451882845,307.4980540540541,2024,4
CMP-8609,Back to School - Instagram 2025 Q1,Instagram,2025-04-17,2025-04-27,22000.0,18507.12,992211.0,57013.0,1794.0,88190.45,10,0.057460560304209485,0.03146650763860874,0.3246122814095031,10.316120401337793,4.765217386605804,0.8412327272727272,49.15855629877369,2025,2
CMP-8610,Brand Awareness - Instagram 2024 Q3,Instagram,2025-11-05,2025-12-08,14100.0,12157.13,1914218.0,61693.0,1365.0,46059.68,33,0.03222882660177681,0.022125686868850598,0.19705849934352357,8.906322344322344,3.788696838809818,0.8622078014184397,33.74335531135531,2025,4
CMP-8611,Brand Awareness - Facebook 2024 Q2,Facebook,2024-09-02,2024-09-10,10500.0,8235.4,1882332.0,42889.0,1648.0,40235.85,8,0.02278503473351141,0.03842477092028259,0.19201660099326168,4.997208737864077,4.885718969327537,0.7843238095238095,24.414957524271845,2024,3
CMP-8612,Year End Clearance - LinkedIn 2024 Q1,LinkedIn,2024-09-03,2024-09-21,11700.0,9418.26,309074.0,7368.0,319.0,59460.18,18,0.02383895118968273,0.04329533116178067,1.2782654723127036,29.52432601880878,6.313287167693395,0.8049794871794872,186.3955485893417,2024,3
CMP-8613,Brand Awareness - Email 2024 Q3,Email,2024-01-19,2024-02-23,23800.0,24247.01,11914778.0,1329609.0,84494.0,386281.55,35,0.11159326678180659,0.06354800546626865,0.01823619575378927,0.2869672402774161,15.931100370726123,1.0187819327731091,4.5717039079697965,2024,1
CMP-8614,Flash Sale - Google Ads 2024 Q3,Google Ads,2025-05-01,2025-06-12,10600.0,8743.02,350947.0,8561.0,631.0,58901.49,42,0.02439399681433379,0.07370634271697232,1.021261534867422,13.85581616481775,6.7369730367767655,0.8248132075471698,93.34625990491283,2025,2
CMP-8615,Seasonal Collection - Facebook 2025 Q4,Facebook,2025-10-16,2025-11-12,8900.0,9499.8,753476.0,11809.0,267.0,16755.23,27,0.015672695613397108,0.02260987382504869,0.8044542298247099,35.57977528089887,1.7637455525379482,1.0673932584269663,62.75367041198502,2025,4
CMP-8616,Flash Sale - Google Ads 2024 Q1,Google Ads,2025-02-26,2025-04-16,19300.0,15179.45,710270.0,55947.0,5072.0,37568.63,49,0.0787686372787813,0.09065722916331528,0.27131839061969365,2.9927937697160885,2.4749664842929087,0.7865000000000001,7.407064274447949,2025,1
CMP-8617,Year End Clearance - Email 2025 Q1,Email,2024-12-07,2025-01-08,16300.0,13618.03,10212687.0,679357.0,39929.0,117507.12,32,0.06652088720627589,0.05877469430652808,0.020045469465980334,0.34105612462120266,8.628789920421676,0.8354619631901841,2.9429016504295125,2024,4
CMP-8618,Referral Program - Google Ads 2024 Q2,Google Ads,2025-09-15,2025-09-25,7000.0,7186.03,558673.0,42892.0,4134.0,24581.26,10,0.07677478596603021,0.09638160962417235,0.1675377692809848,1.7382752781809385,3.420700999021713,1.0265757142857141,5.946119980648282,2025,3
CMP-8619,Black Friday - Google Ads 2024 Q2,Google Ads,2025-11-12,2025-12-30,16000.0,12803.35,1590727.0,81559.0,7732.0,28229.63,48,0.05127152553517983,0.09480253558773404,0.1569826751186258,1.6558911019141231,2.2048627898167275,0.800209375,3.6510126745990688,2025,4
CMP-8620,Free Trial Push - Facebook 2024 Q4,Facebook,2024-02-13,2024-03-16,7800.0,7496.14,1092436.0,48190.0,2684.0,35641.87,32,0.044112423977239856,0.05569620253164557,0.15555384934633742,2.792898658718331,4.754696417089328,0.9610435897435898,13.27938524590164,2024,1
CMP-8621,Valentine's Special - Instagram 2024 Q2,Instagram,2024-02-11,2024-02-22,22500.0,16760.57,4175342.0,88553.0,2454.0,33440.43,11,0.021208562077070572,0.02771221754203697,0.18927162264406627,6.829898125509373,1.9951845313136725,0.7449142222222223,13.626907090464547,2024,1
CMP-8622,New Product Launch - Facebook 2025 Q4,Facebook,2025-06-23,2025-08-06,12400.0,9414.52,539150.0,15814.0,838.0,26239.6,44,0.02933135491050728,0.05299102061464525,0.5953281902112053,11.234510739856802,2.7871415643070487,0.7592354838709677,31.312171837708828,2025,2
CMP-8623,Summer Promo - Email 2024 Q2,Email,2024-07-07,2024-08-27,18600.0,17674.32,18120053.0,406476.0,32232.0,274948.85,51,0.022432384717638518,0.07929619460927582,0.043481829185486966,0.5483469843633656,15.556403301513155,0.9502322580645162,8.530306837925043,2024,3
CMP-8624,Back to School - LinkedIn 2025 Q2,LinkedIn,2025-11-06,2025-12-01,1300.0,1405.62,34126.0,214.0,4.0,11332.1,25,0.00627087850905468,0.018691588785046728,6.568317757009345,351.405,8.061993995532221,1.0812461538461537,2833.025,2025,4
CMP-8625,New Product Launch - LinkedIn 2024 Q1,LinkedIn,2025-04-28,2025-06-11,20100.0,21970.11,1368577.0,30899.0,2348.0,104618.75,44,0.02257746549883565,0.07598951422376128,0.7110298067898637,9.356946337308347,4.761867373445103,1.0930402985074628,44.55653747870528,2025,2
CMP-8626,Customer Retention - Email 2025 Q1,Email,2025-10-07,2025-11-09,20900.0,18486.2,7445862.0,703005.0,34866.0,145482.51,33,0.09441552905493011,0.04959566432671176,0.026295972290382004,0.5302070785292262,7.869789897328818,0.8845071770334929,4.172618310101532,2025,4
CMP-8627,Cyber Monday - Google Ads 2025 Q2,Google Ads,2024-10-04,2024-11-15,12600.0,10557.76,847737.0,44453.0,2485.0,63934.64,42,0.05243725353499965,0.05590173891525881,0.23750388050300317,4.248595573440644,6.055701209347437,0.8379174603174603,25.728225352112677,2024,4
CMP-8628,Referral Program - Google Ads 2024 Q3,Google Ads,2025-10-06,2025-11-10,22000.0,16451.07,1744127.0,116491.0,10989.0,53379.71,35,0.06679043441217297,0.09433346782154844,0.14122181112703985,1.497048867048867,3.24475611616752,0.7477759090909091,4.8575584675584675,2025,4
CMP-8629,Referral Program - Instagram 2025 Q1,Instagram,2024-02-03,2024-03-23,3500.0,3720.5,833593.0,44529.0,1708.0,14157.15,49,0.053418154902932245,0.038357025758494465,0.08355229176491724,2.17827868852459,3.8051740357478834,1.063,8.28872950819672,2024,1
CMP-8630,Spring Sale - Facebook 2024 Q2,Facebook,2024-06-23,2024-07-14,9600.0,7320.74,690648.0,14605.0,449.0,40275.66,21,0.021146807056561374,0.030742896268401234,0.50124888736734,16.3045434298441,5.501583173285761,0.7625770833333333,89.7008017817372,2024,2
CMP-8631,Free Trial Push - Facebook 2024 Q1,Facebook,2024-08-03,2024-09-04,4200.0,3635.08,829835.0,8504.0,350.0,18216.79,32,0.01024782034982858,0.041157102539981186,0.42745531514581375,10.385942857142856,5.011386269353082,0.8654952380952381,52.04797142857143,2024,3
CMP-8632,Black Friday - Google Ads 2025 Q2,Google Ads,2024-01-26,2024-03-25,13200.0,12258.45,1119620.0,72435.0,3710.0,68785.05,59,0.06469605759096836,0.051218333678470354,0.16923379581693934,3.3041644204851752,5.61123551509367,0.9286704545454546,18.54044474393531,2024,1
CMP-8633,Year End Clearance - Google Ads 2025 Q3,Google Ads,2025-08-19,2025-09-02,10000.0,9674.73,536907.0,40862.0,1795.0,51123.49,14,0.07610629028863472,0.04392834418285938,0.23676594390876607,5.389821727019498,5.28422912060595,0.9674729999999999,28.481052924791086,2025,3
CMP-8634,Summer Promo - Email 2025 Q2,Email,2024-03-09,2024-04-28,15700.0,17045.01,7024048.0,753312.0,72062.0,100159.71,50,0.10724755867271978,0.09566023108619005,0.02262676022683828,0.2365325691765424,5.876189571024013,1.0856694267515923,1.3899102162027144,2024,1
CMP-8635,Referral Program - Instagram 2025 Q3,Instagram,2024-03-06,2024-03-15,24900.0,17800.99,1530570.0,79545.0,3956.0,27847.76,9,0.0519708343950293,0.04973285561631781,0.2237851530580175,4.499744691607685,1.56439389045216,0.7148991967871486,7.039373104145601,2024,1
CMP-8636,Holiday Deals - Instagram 2025 Q3,Instagram,2024-06-18,2024-07-02,20300.0,21174.43,3868450.0,58995.0,2068.0,76628.28,14,0.015250294045418708,0.03505381812017968,0.3589190609373676,10.239086073500967,3.6189063885072703,1.043075369458128,37.05429400386847,2024,2
CMP-8637,Free Trial Push - Instagram 2025 Q1,Instagram,2024-07-24,2024-08-17,8300.0,6282.53,365598.0,11450.0,349.0,30660.7,24,0.03131855207085378,0.030480349344978164,0.548692576419214,18.001518624641832,4.880310957528257,0.7569313253012048,87.85300859598854,2024,3
CMP-8638,Black Friday - Instagram 2025 Q4,Instagram,2024-05-04,2024-05-31,13000.0,13785.8,985265.0,42961.0,851.0,38974.28,27,0.04360349753619584,0.019808663671702243,0.32089104071134283,16.199529964747356,2.8271322665351306,1.0604461538461538,45.79821386603995,2024,2
CMP-8639,Year End Clearance - Email 2025 Q1,Email,2025-01-13,2025-02-28,12100.0,11296.29,3885033.0,373203.0,25648.0,120018.75,46,0.09606173229416584,0.0687239920365056,0.030268486587728398,0.4404355115408609,10.624616577655141,0.9335776859504133,4.679458437305053,2025,1
CMP-8640,Brand Awareness - Instagram 2025 Q1,Instagram,2024-03-28,2024-05-22,20500.0,18516.11,2207073.0,23798.0,424.0,59940.21,55,0.010782606646902934,0.017816623245650896,0.7780531977477099,43.67007075471698,3.2371923692395432,0.9032248780487805,141.36841981132076,2024,1
CMP-8641,New Product Launch - Instagram 2025 Q3,Instagram,2024-06-16,2024-06-24,19700.0,17979.83,1029871.0,51299.0,2317.0,52938.86,8,0.04981109284560882,0.045166572447806,0.35049084777481043,7.759961156668106,2.944347082258286,0.912681725888325,22.84801899007337,2024,2
CMP-8642,Year End Clearance - LinkedIn 2025 Q3,LinkedIn,2024-06-18,2024-07-09,23700.0,20926.62,980713.0,15320.0,984.0,59078.86,21,0.01562128777736198,0.06422976501305483,1.365967362924282,21.266890243902438,2.823143919084879,0.882979746835443,60.0394918699187,2024,2
CMP-8643,New Product Launch - Google Ads 2025 Q3,Google Ads,2024-08-02,2024-08-22,3100.0,2253.55,342079.0,25665.0,2191.0,8379.92,20,0.07502652895968476,0.08536917981687123,0.08780635106175727,1.0285486079415793,3.7185418561824672,0.7269516129032259,3.824701049748973,2024,3
CMP-8644,New Product Launch - Facebook 2025 Q1,Facebook,2025-07-16,2025-08-16,23800.0,21618.99,1662754.0,58096.0,2989.0,103331.4,31,0.034939624261917275,0.05144932525475076,0.3721252754062242,7.2328504516560725,4.779658994245336,0.9083609243697479,34.570558715289394,2025,3
CMP-8645,New Product Launch - Email 2024 Q2,Email,2024-06-16,2024-07-12,15200.0,12060.13,19464849.0,705140.0,39433.0,175431.74,26,0.03622632777680423,0.05592222821000085,0.017103171001503246,0.30583851089189257,14.546421970575773,0.7934296052631579,4.4488560342860035,2024,2
CMP-8646,Holiday Deals - LinkedIn 2025 Q4,LinkedIn,2025-04-23,2025-06-09,24800.0,23561.47,747501.0,19010.0,1071.0,101808.37,47,0.02543140410514501,0.0563387690689111,1.2394250394529196,21.99950513538749,4.320968513424671,0.9500592741935484,95.05916900093371,2025,2
CMP-8647,Cyber Monday - Email 2025 Q4,Email,2025-08-25,2025-10-13,16600.0,14546.0,11428275.0,784206.0,75157.0,250186.53,49,0.06861980482618768,0.09583833839577865,0.0185486976636241,0.19354151975198583,17.199678949539393,0.8762650602409638,3.3288520031400934,2025,3
CMP-8648,Brand Awareness - Facebook 2025 Q1,Facebook,2025-04-02,2025-05-18,21400.0,16785.22,981558.0,34147.0,1493.0,29869.06,46,0.03478857082311998,0.04372272820452748,0.49155767710194165,11.242612190221033,1.779485761878605,0.7843560747663552,20.006068318821168,2025,2
CMP-8649,Referral Program - Instagram 2024 Q1,Instagram,2025-01-08,2025-02-17,20600.0,16564.36,2875925.0,164856.0,2984.0,63213.31,40,0.05732277441171101,0.018100645411753286,0.1004777502790314,5.551058981233244,3.816224110077298,0.804095145631068,21.18408512064343,2025,1
CMP-8650,Brand Awareness - LinkedIn 2024 Q4,LinkedIn,2024-11-12,2025-01-06,24500.0,23288.99,743434.0,6434.0,390.0,107539.23,55,0.008654433345798013,0.06061548026111284,3.619675163195524,59.71535897435898,4.617599560994272,0.9505710204081633,275.7416153846154,2024,4
CMP-8651,Year End Clearance - LinkedIn 2024 Q3,LinkedIn,2024-12-31,2025-02-19,7300.0,5844.11,396231.0,3732.0,281.0,49740.82,50,0.00941874815448564,0.07529474812433012,1.5659458735262592,20.797544483985764,8.511273743991815,0.8005630136986301,177.0135943060498,2024,4
CMP-8652,Holiday Deals - Instagram 2024 Q4,Instagram,2025-10-04,2025-11-28,24300.0,20965.82,2225331.0,101567.0,3088.0,104225.13,55,0.0456413001032206,0.030403575964634184,0.20642354307993738,6.789449481865285,4.97119263639581,0.8627909465020576,33.75166126943005,2025,4
CMP-8653,Brand Awareness - Google Ads 2025 Q4,Google Ads,2025-02-16,2025-03-10,7900.0,6759.67,689884.0,33224.0,3089.0,15927.97,22,0.04815882090322431,0.09297495786178667,0.20345744040452685,2.1883036581417934,2.356323607513384,0.8556544303797469,5.1563515700874065,2025,1
CMP-8654,New Product Launch - Email 2025 Q4,Email,2024-01-02,2024-01-12,4600.0,4051.26,1828664.0,184232.0,12343.0,55530.48,10,0.10074677469453108,0.06699704720135481,0.021989990881063008,0.32822328445272625,13.706965240443713,0.8807086956521739,4.4989451510977885,2024,1
CMP-8655,Year End Clearance - Instagram 2024 Q2,Instagram,2024-05-28,2024-07-21,16400.0,14457.88,1023908.0,25776.0,475.0,55365.99,54,0.025174136738847632,0.018427995034140287,0.5609047175667287,30.437642105263155,3.829468082457456,0.8815780487804877,116.55997894736842,2024,2
CMP-8656,Seasonal Collection - Facebook 2025 Q3,Facebook,2024-12-22,2025-02-15,24600.0,19513.59,1892181.0,66560.0,2335.0,70262.48,55,0.03517633883862062,0.035081129807692304,0.2931729266826923,8.356997858672377,3.6006946953379666,0.7932353658536585,30.090997858672374,2024,4
CMP-8657,Brand Awareness - Instagram 2025 Q1,Instagram,2025-08-21,2025-10-02,19200.0,16987.12,952361.0,47398.0,2213.0,62975.21,42,0.04976894265934871,0.046689733744039834,0.3583931811468838,7.676059647537279,3.7072328917438626,0.8847458333333332,28.456940804338004,2025,3
CMP-8658,Brand Awareness - Email 2024 Q2,Email,2024-04-17,2024-06-15,15300.0,14179.43,19699574.0,1057263.0,120301.0,134184.48,59,0.0536693331541078,0.1137853116963329,0.013411450131140501,0.11786626877582065,9.463319752627575,0.9267601307189542,1.1154061894747342,2024,2
CMP-8659,Holiday Deals - Facebook 2025 Q4,Facebook,2025-06-30,2025-07-23,7800.0,6787.92,1114314.0,26857.0,631.0,20286.26,23,0.02410182408190151,0.02349480582343523,0.2527430465055665,10.757400950871633,2.988582658605287,0.8702461538461539,32.14938193343898,2025,2
CMP-8660,Referral Program - Facebook 2024 Q3,Facebook,2025-01-23,2025-03-16,12200.0,13206.27,1141513.0,34374.0,1044.0,27386.44,52,0.030112666259604577,0.030371792633967533,0.3841935765404085,12.649683908045978,2.073745274025141,1.0824811475409837,26.23222222222222,2025,1
CMP-8661,Back to School - Facebook 2025 Q4,Facebook,2025-06-08,2025-07-24,14800.0,13346.44,1324450.0,33183.0,1222.0,75832.29,46,0.025054173430480577,0.036826085646264654,0.4022071542657385,10.921800327332242,5.681836504715863,0.9017864864864865,62.055883797054,2025,2
CMP-8662,Referral Program - Facebook 2024 Q2,Facebook,2024-02-12,2024-03-20,9500.0,8162.66,1620817.0,80103.0,4363.0,16474.35,37,0.0494213720611272,0.0544673732569317,0.10190205110919691,1.8708824203529681,2.0182575287957603,0.8592273684210526,3.775922530369012,2024,1
CMP-8663,Black Friday - Email 2025 Q1,Email,2024-01-22,2024-02-10,16300.0,14565.96,10557960.0,437054.0,23339.0,250902.3,19,0.04139568628788137,0.05340072393800308,0.03332759796272314,0.6241038604910236,17.225249829053492,0.8936171779141103,10.750344916234628,2024,1
CMP-8664,Customer Retention - LinkedIn 2025 Q1,LinkedIn,2024-11-14,2024-11-25,15900.0,15176.21,597171.0,14315.0,391.0,96868.53,11,0.023971358287659648,0.027314006287111423,1.060161369193154,38.81383631713555,6.382919714474167,0.9544786163522012,247.7456010230179,2024,4
CMP-8665,Summer Promo - Google Ads 2025 Q2,Google Ads,2024-03-17,2024-05-05,1800.0,1685.45,97500.0,3642.0,289.0,6323.53,49,0.037353846153846154,0.07935200439319055,0.4627814387699067,5.832006920415225,3.7518348215610073,0.9363611111111111,21.880726643598614,2024,1
CMP-8666,Flash Sale - Instagram 2024 Q3,Instagram,2025-05-13,2025-05-30,10800.0,9525.79,1228604.0,16524.0,716.0,40381.84,17,0.013449410876083751,0.043330912611958365,0.5764820866618253,13.304175977653632,4.239211655936147,0.8820175925925927,56.39921787709497,2025,2
CMP-8667,Spring Sale - LinkedIn 2025 Q4,LinkedIn,2025-06-22,2025-08-11,11200.0,9866.07,344770.0,6031.0,263.0,44412.36,50,0.017492821301157292,0.043608025203117226,1.6358928867517823,37.51357414448669,4.501524923297727,0.8808991071428571,168.86828897338404,2025,2
CMP-8668,Customer Retention - Facebook 2025 Q4,Facebook,2025-01-15,2025-01-26,17000.0,15720.33,1652718.0,73243.0,2808.0,38979.53,11,0.04431669528618917,0.038338134702292366,0.21463252460986032,5.59840811965812,2.479561815814299,0.924725294117647,13.881599002849002,2025,1
CMP-8669,Spring Sale - Instagram 2024 Q4,Instagram,2025-02-04,2025-03-04,21200.0,20110.83,2229087.0,35193.0,1708.0,51228.64,28,0.01578807825804915,0.04853237859801665,0.5714440371664821,11.774490632318502,2.547316048119346,0.9486240566037737,29.993348946135832,2025,1
CMP-8670,Back to School - Google Ads 2025 Q2,Google Ads,2025-03-08,2025-05-04,16000.0,12487.45,1835899.0,99210.0,4176.0,96952.66,57,0.05403892044170186,0.04209253099485939,0.12586886402580386,2.9902897509578548,7.764007863895351,0.780465625,23.216633141762454,2025,1
CMP-8671,Summer Promo - Google Ads 2025 Q4,Google Ads,2024-12-29,2025-01-24,16100.0,11711.23,746448.0,42763.0,3974.0,64801.17,26,0.05728865239105738,0.09293080466758646,0.27386362041952156,2.946962757926522,5.533250563775112,0.7274055900621118,16.306283341721187,2024,4
CMP-8672,Flash Sale - Facebook 2024 Q4,Facebook,2025-02-27,2025-03-26,12600.0,12384.04,704894.0,21227.0,564.0,32391.67,27,0.030113747598929767,0.026569934517359967,0.5834098082630612,21.957517730496455,2.6155979793346917,0.9828603174603175,57.43203900709219,2025,1
CMP-8673,New Product Launch - Instagram 2025 Q4,Instagram,2025-03-24,2025-04-04,22300.0,19522.79,2062204.0,99044.0,1806.0,86631.24,11,0.04802822611148073,0.018234320100157506,0.19711229352610962,10.809961240310079,4.437441574692961,0.8754614349775786,47.96857142857143,2025,1
CMP-8674,Flash Sale - Instagram 2024 Q4,Instagram,2025-03-08,2025-04-29,19500.0,13882.75,819015.0,37562.0,1496.0,30771.99,52,0.04586240789240734,0.03982748522442894,0.36959560193812896,9.279913101604278,2.2165630008463744,0.7119358974358975,20.569512032085562,2025,1
CMP-8675,Holiday Deals - Facebook 2024 Q3,Facebook,2025-06-08,2025-07-24,22900.0,18666.54,1107174.0,35342.0,1624.0,61009.55,46,0.031920908547346666,0.045950993152622945,0.5281687510610605,11.494174876847291,3.268390928367014,0.8151327510917031,37.567456896551725,2025,2
CMP-8676,Referral Program - Google Ads 2025 Q1,Google Ads,2025-08-01,2025-08-24,15400.0,15049.04,1657328.0,50271.0,4374.0,33189.64,23,0.030332559396812217,0.0870084143939846,0.29935827813252175,3.4405669867398263,2.205432373094895,0.9772103896103896,7.587937814357567,2025,3
CMP-8677,Referral Program - Facebook 2024 Q4,Facebook,2024-10-17,2024-12-05,24200.0,26140.32,5538161.0,222522.0,9647.0,62262.13,49,0.04017976364356327,0.04335301678036329,0.11747296896486639,2.709683839535607,2.3818426859349846,1.0801785123966943,6.4540406343941115,2024,4
CMP-8678,Spring Sale - Email 2024 Q4,Email,2025-11-18,2025-12-24,13900.0,15050.24,5974624.0,464235.0,27364.0,186389.04,36,0.07770112395357431,0.05894428468340388,0.032419442739129965,0.5500014617745943,12.384456327606737,1.0827510791366906,6.81146908346733,2025,4
CMP-8679,Spring Sale - Google Ads 2025 Q2,Google Ads,2025-05-14,2025-05-30,7900.0,7968.99,576309.0,25922.0,1739.0,61437.99,16,0.04497934267901421,0.06708587300362627,0.30742188102769846,4.582512938470385,7.709633215752561,1.008732911392405,35.32949396204715,2025,2
CMP-8680,Free Trial Push - Facebook 2025 Q3,Facebook,2025-11-04,2025-11-26,8600.0,9417.32,1301094.0,17584.0,795.0,29507.53,22,0.013514780638447337,0.0452115559599636,0.5355618744313012,11.845685534591194,3.1333256170545334,1.0950372093023255,37.116389937106916,2025,4
CMP-8681,Free Trial Push - Facebook 2025 Q2,Facebook,2024-05-19,2024-06-28,15900.0,12313.71,2104953.0,91802.0,4219.0,64643.1,40,0.04361237519317533,0.04595760440948999,0.1341333522145487,2.918632377340602,5.249685107087953,0.7744471698113207,15.321900924389665,2024,2
CMP-8682,Seasonal Collection - Email 2025 Q4,Email,2024-06-02,2024-07-08,21900.0,23108.84,10366581.0,1035636.0,36121.0,428710.6,36,0.09990140432993289,0.034878084577979133,0.022313670053957183,0.6397619113535062,18.551800955824696,1.0551981735159817,11.868735638548213,2024,2
CMP-8683,Flash Sale - Google Ads 2025 Q3,Google Ads,2024-07-19,2024-08-21,17300.0,12899.3,903225.0,40619.0,1293.0,90611.36,33,0.04497107586703202,0.03183239370737832,0.3175681331396637,9.976256767208042,7.024517609482685,0.7456242774566474,70.0783913379737,2024,3
CMP-8684,Referral Program - Google Ads 2024 Q3,Google Ads,2025-06-25,2025-07-04,24400.0,20306.67,3674712.0,288859.0,14642.0,125126.72,9,0.07860724867690312,0.0506890905251351,0.07029959253476609,1.386878158721486,6.161853223595991,0.8322405737704918,8.54573965305286,2025,2
CMP-8685,Seasonal Collection - Google Ads 2024 Q3,Google Ads,2024-12-28,2025-01-07,9000.0,7931.4,470629.0,34470.0,1148.0,53823.63,10,0.07324240537663425,0.033304322599361766,0.23009573542210618,6.9088850174216025,6.786144942885241,0.8812666666666666,46.88469512195122,2024,4
CMP-8686,Flash Sale - Facebook 2025 Q1,Facebook,2024-07-10,2024-07-17,3400.0,3156.44,282899.0,3907.0,185.0,9197.69,7,0.013810582575406771,0.0473509086255439,0.8078935244433069,17.06183783783784,2.9139441902903274,0.928364705882353,49.717243243243246,2024,3
CMP-8687,Seasonal Collection - LinkedIn 2025 Q2,LinkedIn,2024-09-20,2024-10-22,4800.0,4507.19,110026.0,2260.0,46.0,36447.06,32,0.0205405994946649,0.020353982300884955,1.9943318584070795,97.98239130434781,8.086426354336073,0.9389979166666665,792.3273913043478,2024,3
CMP-8688,Valentine's Special - Facebook 2024 Q1,Facebook,2024-01-13,2024-02-15,7300.0,6907.72,1842750.0,35812.0,1304.0,29102.56,33,0.019433998100664766,0.036412375739975425,0.19288841729029377,5.297331288343559,4.213048589114788,0.9462630136986302,22.31791411042945,2024,1
CMP-8689,Spring Sale - LinkedIn 2025 Q2,LinkedIn,2024-06-01,2024-06-10,24100.0,17055.53,653139.0,10326.0,305.0,158401.41,9,0.015809804651077335,0.029537090838659692,1.6517073406933953,55.91977049180328,9.287393003911342,0.7076983402489626,519.3488852459017,2024,2
CMP-8690,New Product Launch - Google Ads 2025 Q4,Google Ads,2024-01-18,2024-01-30,22900.0,21446.94,2037437.0,56573.0,2023.0,70156.64,12,0.027766748125218104,0.035759107701553744,0.37910204514521056,10.601552150271873,3.2711724842798087,0.936547598253275,34.67950568462679,2024,1
CMP-8691,Flash Sale - Email 2025 Q1,Email,2025-07-13,2025-08-16,13400.0,12226.94,22395129.0,1993563.0,106229.0,76042.68,34,0.0890177055912471,0.053286000994199834,0.006133209735533816,0.11509983149610747,6.219273178734825,0.9124582089552239,0.7158372949006391,2025,3
CMP-8692,Holiday Deals - Email 2024 Q1,Email,2025-01-30,2025-03-19,12500.0,12324.39,5871187.0,328603.0,32462.0,176922.75,48,0.055968750441776086,0.09878789907578446,0.03750540926284909,0.3796559053662744,14.3554975134672,0.9859511999999999,5.45014940545869,2025,1
CMP-8693,Referral Program - Google Ads 2025 Q4,Google Ads,2025-04-26,2025-06-24,19400.0,21264.44,1073451.0,46782.0,1617.0,64763.49,59,0.04358093662402848,0.034564576119020134,0.45454320037621304,13.150550401978972,3.045624055935637,1.0961051546391751,40.051632653061226,2025,2
CMP-8694,Valentine's Special - Google Ads 2025 Q1,Google Ads,2024-07-04,2024-08-30,17900.0,12691.14,516257.0,35719.0,2339.0,100905.05,57,0.06918840809906694,0.06548335619698199,0.35530501973739465,5.4258828559213335,7.9508263245067035,0.7090022346368715,43.140252244548954,2024,3
CMP-8695,Seasonal Collection - Facebook 2024 Q2,Facebook,2025-05-04,2025-05-17,4300.0,3805.75,424606.0,14477.0,456.0,7173.76,13,0.034095137609925434,0.031498238585342266,0.2628825032810665,8.34594298245614,1.8849793076266177,0.8850581395348838,15.731929824561403,2025,2
CMP-8696,Seasonal Collection - Email 2025 Q2,Email,2024-10-14,2024-11-13,19100.0,20859.32,7396424.0,695485.0,26206.0,406089.71,30,0.09402989877270422,0.03768018001826064,0.029992480067866308,0.7959749675646798,19.468022447519864,1.0921109947643979,15.496058536213082,2024,4
CMP-8697,Spring Sale - Instagram 2024 Q4,Instagram,2024-10-10,2024-11-05,23900.0,19661.73,1048035.0,49832.0,2948.0,33410.78,26,0.047548030361581436,0.059158773478889065,0.394560322684219,6.669514925373134,1.6992797683621939,0.8226665271966527,11.333371777476255,2024,4
CMP-8698,Brand Awareness - Facebook 2024 Q1,Facebook,2025-02-07,2025-03-28,8700.0,8132.37,856479.0,18439.0,590.0,24830.15,49,0.02152884075383051,0.03199739682195347,0.44104181354737243,13.783677966101695,3.053248929893746,0.9347551724137931,42.085,2025,1
CMP-8699,Back to School - Facebook 2025 Q1,Facebook,2025-09-27,2025-11-18,11300.0,11587.81,1011429.0,45035.0,1913.0,34534.25,52,0.04452611107650661,0.042478072610192076,0.2573067614077939,6.057401986408782,2.980222319834378,1.0254699115044248,18.05240460010455,2025,3
CMP-8700,Seasonal Collection - Google Ads 2024 Q4,Google Ads,2025-03-24,2025-05-02,20100.0,17336.83,2098058.0,66926.0,3906.0,122348.51,39,0.031899022810618204,0.058362968054268896,0.2590447658608015,4.438512544802868,7.057144241478977,0.8625288557213932,31.32322324628776,2025,1
CMP-8701,Year End Clearance - Facebook 2024 Q1,Facebook,2024-07-25,2024-09-14,2200.0,1566.19,431663.0,8669.0,507.0,6507.25,51,0.02008279607008245,0.05848425423924328,0.18066559003345253,3.089132149901381,4.154827958293693,0.7119045454545455,12.834812623274162,2024,3
CMP-8702,Holiday Deals - Facebook 2025 Q3,Facebook,2025-06-28,2025-07-13,2100.0,1840.13,299896.0,14255.0,598.0,7700.74,15,0.04753314482353883,0.041950192914766746,0.12908663626797615,3.077140468227425,4.184889111095411,0.876252380952381,12.877491638795986,2025,2
CMP-8703,Seasonal Collection - Google Ads 2024 Q1,Google Ads,2025-07-22,2025-08-30,8200.0,8151.3,873819.0,61356.0,2507.0,45025.01,39,0.0702159142797307,0.04085989960232088,0.13285253275963232,3.251416035101715,5.523660029688516,0.9940609756097561,17.95971679297966,2025,3
CMP-8704,New Product Launch - Google Ads 2024 Q1,Google Ads,2025-04-04,2025-05-24,23300.0,22721.86,3077329.0,219412.0,17538.0,102314.12,50,0.07129949381427855,0.07993181776748765,0.10355796401290723,1.2955787433002623,4.50289368916101,0.9751871244635193,5.833853347017904,2025,2
CMP-8705,Holiday Deals - Google Ads 2024 Q3,Google Ads,2025-04-01,2025-05-10,21400.0,17889.7,1300540.0,58766.0,2343.0,82760.25,39,0.04518584587940394,0.039869992853010246,0.30442262532757036,7.635381988903116,4.62613962224073,0.8359672897196262,35.322343149807935,2025,2
CMP-8706,Valentine's Special - Google Ads 2025 Q1,Google Ads,2025-08-31,2025-10-25,2900.0,3119.21,561989.0,24686.0,2326.0,8145.27,55,0.04392612666795969,0.09422344648788787,0.12635542412703557,1.3410189165950128,2.6113246623343733,1.0755896551724138,3.5018357695614792,2025,3
CMP-8707,New Product Launch - Facebook 2025 Q2,Facebook,2025-03-07,2025-04-06,9700.0,7678.41,972295.0,15105.0,420.0,18979.63,30,0.015535408492278578,0.027805362462760674,0.5083356504468719,18.281928571428573,2.4718177330983893,0.7915886597938144,45.189595238095244,2025,1
CMP-8708,Year End Clearance - Facebook 2025 Q3,Facebook,2024-05-15,2024-07-07,24700.0,23796.79,1384364.0,25161.0,777.0,94805.88,53,0.018175133129725997,0.03088112555144867,0.9457807718294186,30.62649935649936,3.9839776709379713,0.9634327935222673,122.01528957528959,2024,2
CMP-8709,Cyber Monday - LinkedIn 2025 Q3,LinkedIn,2025-02-14,2025-03-21,15100.0,16118.58,1606678.0,25238.0,1317.0,79774.65,35,0.01570818795054143,0.052183215785719946,0.6386631270306681,12.238861047835991,4.949235602639934,1.0674556291390729,60.57300683371298,2025,1
CMP-8710,Free Trial Push - LinkedIn 2024 Q1,LinkedIn,2025-03-21,2025-04-08,9300.0,10202.64,500347.0,6432.0,355.0,25618.44,18,0.012855078575468625,0.05519278606965174,1.586231343283582,28.739830985915493,2.510961868692809,1.097058064516129,72.16461971830985,2025,1
CMP-8711,Back to School - Email 2025 Q1,Email,2024-03-19,2024-04-16,900.0,929.97,1346583.0,60723.0,2667.0,18084.87,28,0.0450941382744324,0.043920754903413864,0.01531495479472358,0.34869516310461196,19.4467240878738,1.0333,6.780978627671541,2024,1
CMP-8712,Flash Sale - Instagram 2024 Q1,Instagram,2025-10-14,2025-11-30,18100.0,18767.07,4624332.0,160731.0,3977.0,87302.61,47,0.034757668783296704,0.024743204484511387,0.11676073688336412,4.7189011817953235,4.6519041065014415,1.0368546961325966,21.951875785768166,2025,4
CMP-8713,Black Friday - Facebook 2024 Q3,Facebook,2024-06-21,2024-08-03,18600.0,17753.26,1081281.0,38252.0,905.0,90362.37,43,0.0353765579900137,0.02365889365261947,0.4641132489804454,19.616861878453037,5.0899029248712635,0.9544763440860214,99.8479226519337,2024,2
CMP-8714,Holiday Deals - Facebook 2025 Q3,Facebook,2024-08-30,2024-10-09,1400.0,1469.7,476158.0,8953.0,396.0,4701.41,40,0.018802582336115325,0.04423098402770021,0.16415726572098738,3.7113636363636364,3.1988909301217934,1.0497857142857143,11.872247474747475,2024,3
CMP-8715,Back to School - Facebook 2025 Q3,Facebook,2024-07-18,2024-09-11,6800.0,5896.84,421287.0,17598.0,358.0,23008.79,55,0.04177199866124518,0.020343220820547788,0.335085805205137,16.471620111731845,3.901884738266597,0.8671823529411765,64.27036312849162,2024,3
CMP-8716,Back to School - LinkedIn 2024 Q4,LinkedIn,2025-06-10,2025-07-15,15700.0,11643.27,434795.0,10666.0,316.0,26893.5,35,0.024531100863625387,0.029626851678229888,1.0916247890493156,36.84579113924051,2.309789260233594,0.7416095541401274,85.10601265822785,2025,2
CMP-8717,Black Friday - LinkedIn 2024 Q1,LinkedIn,2024-07-30,2024-09-10,13900.0,13715.7,308696.0,7807.0,213.0,62719.31,42,0.02529025319408091,0.02728320737799411,1.7568464198795952,64.39295774647887,4.572811449652588,0.9867410071942446,294.4568544600939,2024,3
CMP-8718,Flash Sale - Email 2024 Q4,Email,2024-05-16,2024-05-24,8700.0,8127.41,5519105.0,653651.0,59257.0,84786.77,8,0.11843423888474672,0.09065541091499899,0.012433867614369135,0.1371552727947753,10.432200418091373,0.9341850574712643,1.4308312941930912,2024,2
CMP-8719,Free Trial Push - Facebook 2025 Q1,Facebook,2024-10-09,2024-11-24,9100.0,9601.06,628948.0,9154.0,486.0,33919.94,46,0.014554462372087995,0.053091544679921346,1.0488376665938388,19.755267489711933,3.5329369882075525,1.0550615384615385,69.79411522633745,2024,4
CMP-8720,Customer Retention - Facebook 2025 Q1,Facebook,2025-10-10,2025-12-02,9900.0,9444.11,609179.0,12210.0,759.0,41177.76,53,0.020043369846957954,0.062162162162162166,0.7734733824733825,12.442832674571806,4.36015251834212,0.9539505050505052,54.252648221343875,2025,4
CMP-8721,Valentine's Special - LinkedIn 2025 Q1,LinkedIn,2024-10-08,2024-11-01,24100.0,24616.22,947444.0,13905.0,620.0,131722.37,24,0.014676329155074073,0.04458827759798634,1.770314275440489,39.703580645161296,5.351039680340848,1.0214199170124483,212.45543548387096,2024,4
CMP-8722,Brand Awareness - Facebook 2024 Q4,Facebook,2024-11-09,2024-11-29,7000.0,5292.05,1467995.0,47034.0,2248.0,19625.15,20,0.0320396186635513,0.04779521197431645,0.11251541438108603,2.354114768683274,3.708421122249412,0.7560071428571429,8.730048932384342,2024,4
CMP-8723,Valentine's Special - LinkedIn 2024 Q2,LinkedIn,2024-10-25,2024-12-12,8200.0,8490.29,526920.0,4116.0,271.0,18111.5,48,0.007811432475518105,0.06584062196307094,2.0627526724975707,31.32948339483395,2.1332015749756486,1.0354012195121953,66.83210332103322,2024,4
CMP-8724,Customer Retention - Email 2024 Q1,Email,2025-07-13,2025-08-08,9200.0,9206.57,6444305.0,576170.0,62285.0,169518.12,26,0.08940762425117992,0.10810177551764236,0.015978912473749066,0.14781359877980252,18.412733515304833,1.0007141304347826,2.721652404270691,2025,3
CMP-8725,Referral Program - Email 2024 Q3,Email,2025-03-10,2025-04-21,1300.0,1218.76,850891.0,36112.0,3508.0,19579.22,42,0.04244021854738151,0.09714222419140452,0.03374944616747896,0.3474230330672748,16.064869211329547,0.9375076923076923,5.581305587229191,2025,1
CMP-8726,Summer Promo - Instagram 2025 Q2,Instagram,2024-10-18,2024-10-31,12800.0,10901.71,1060131.0,62013.0,2130.0,34517.02,13,0.05849560101534622,0.03434763678583523,0.17579717156080174,5.118173708920187,3.166202366417745,0.8516960937499999,16.205173708920185,2024,4
CMP-8727,Back to School - Google Ads 2024 Q2,Google Ads,2025-08-15,2025-10-08,22600.0,20033.68,947583.0,47267.0,1891.0,88370.24,54,0.04988164625156846,0.04000677005098695,0.4238407345505321,10.594225277630883,4.411083734990276,0.886446017699115,46.73201480698044,2025,3
CMP-8728,Black Friday - Google Ads 2024 Q4,Google Ads,2025-06-08,2025-06-21,17500.0,14008.81,948573.0,31179.0,2752.0,90827.61,13,0.032869373258568396,0.0882645370281279,0.4493027358157734,5.090410610465116,6.483606387694601,0.8005034285714285,33.00421875,2025,2
CMP-8729,Cyber Monday - Google Ads 2025 Q1,Google Ads,2024-03-11,2024-05-05,11000.0,11962.19,1602101.0,104453.0,8365.0,69963.97,55,0.06519751251637693,0.08008386547059443,0.11452222530707591,1.4300286909742976,5.8487592990915545,1.0874718181818182,8.363893604303646,2024,1
CMP-8730,Flash Sale - Facebook 2024 Q1,Facebook,2025-05-25,2025-07-05,16400.0,12608.86,894864.0,42846.0,1477.0,37187.25,41,0.04787990130343829,0.03447229613032722,0.2942832469775475,8.536804333107652,2.9492951781525054,0.7688329268292683,25.17755585646581,2025,2
CMP-8731,Spring Sale - Facebook 2025 Q3,Facebook,2024-08-12,2024-09-16,19200.0,15523.65,1323031.0,59139.0,3237.0,36665.13,35,0.044699632888420604,0.0547354537614772,0.26249429310607214,4.795690454124189,2.3618884733938215,0.8085234375,11.326886005560704,2024,3
CMP-8732,Customer Retention - Google Ads 2024 Q3,Google Ads,2024-11-27,2025-01-25,3900.0,3195.38,251965.0,13382.0,1251.0,16788.54,59,0.0531105510686008,0.09348378418771484,0.23878194589747423,2.554260591526779,5.25400421859059,0.8193282051282051,13.42009592326139,2024,4
CMP-8733,Holiday Deals - Google Ads 2025 Q3,Google Ads,2024-10-06,2024-10-15,1500.0,1522.32,267742.0,13213.0,1304.0,11594.11,9,0.049349747144639244,0.09869068341784606,0.11521380458639219,1.1674233128834355,7.616079405118504,1.01488,8.891188650306749,2024,4
CMP-8734,Referral Program - LinkedIn 2025 Q4,LinkedIn,2025-01-02,2025-02-28,10000.0,7454.15,424376.0,6358.0,204.0,26897.08,57,0.014981997096914057,0.03208556149732621,1.1724048442906574,36.539950980392156,3.6083362958888676,0.7454149999999999,131.84843137254902,2025,1
CMP-8735,Seasonal Collection - Instagram 2024 Q1,Instagram,2025-05-19,2025-06-06,19400.0,16378.19,2443323.0,61074.0,1929.0,76317.5,18,0.024996285796024514,0.031584635032910896,0.26816959753741365,8.490508035251425,4.659702934207015,0.8442365979381443,39.56324520476931,2025,2
CMP-8736,Brand Awareness - Google Ads 2024 Q3,Google Ads,2025-09-29,2025-11-01,15300.0,11237.12,1033361.0,58912.0,4665.0,35973.79,33,0.05701008650413553,0.07918590439978272,0.19074416078218362,2.4088145766345126,3.2013353955461894,0.7344522875816994,7.711423365487675,2025,3
CMP-8737,Flash Sale - LinkedIn 2024 Q4,LinkedIn,2024-06-22,2024-07-28,16400.0,16512.29,530891.0,5865.0,126.0,158324.33,36,0.011047465487265748,0.021483375959079284,2.8153947144075024,131.04992063492065,9.58827212942602,1.0068469512195122,1256.5423015873014,2024,2
CMP-8738,Referral Program - Email 2024 Q4,Email,2025-01-12,2025-01-20,9400.0,6878.01,4451180.0,422665.0,42635.0,61723.88,8,0.09495571960693569,0.10087184886375734,0.01627295848958395,0.16132309135686643,8.97408988937207,0.7317031914893617,1.4477279230679019,2025,1
CMP-8739,Holiday Deals - Facebook 2025 Q2,Facebook,2024-10-24,2024-12-19,18600.0,15908.47,1043781.0,26305.0,864.0,44617.61,56,0.025201646705582875,0.03284546664132294,0.604769815624406,18.41258101851852,2.8046449469999315,0.8552940860215054,51.64075231481482,2024,4
CMP-8740,Back to School - Google Ads 2025 Q2,Google Ads,2024-08-13,2024-09-22,23200.0,23204.21,1482315.0,38778.0,2864.0,57792.14,40,0.026160431487234494,0.07385631027902419,0.5983859404817164,8.102028631284917,2.4905885612998677,1.0001814655172414,20.178819832402233,2024,3
CMP-8741,Summer Promo - LinkedIn 2024 Q4,LinkedIn,2025-05-31,2025-07-15,3500.0,2624.79,196406.0,3732.0,175.0,13258.87,45,0.019001456167326864,0.04689174705251876,0.7033199356913183,14.9988,5.0514022074146885,0.7499399999999999,75.76497142857143,2025,2
CMP-8742,Cyber Monday - LinkedIn 2025 Q1,LinkedIn,2024-05-26,2024-07-03,21300.0,17005.91,566918.0,16211.0,918.0,136157.79,38,0.02859496435110545,0.056628215409289986,1.0490352229967306,18.52495642701525,8.006498329110292,0.7983995305164319,148.32003267973857,2024,2
CMP-8743,Flash Sale - Google Ads 2024 Q2,Google Ads,2024-01-03,2024-02-11,24800.0,21693.32,1003593.0,69713.0,2163.0,105614.61,39,0.06946341793934394,0.03102721156742645,0.3111804111141394,10.029274156264448,4.868531418888395,0.8747306451612903,48.82783633841886,2024,1
CMP-8744,New Product Launch - Instagram 2025 Q3,Instagram,2024-09-06,2024-10-08,14000.0,11331.16,614972.0,14786.0,309.0,18852.98,32,0.024043371080309347,0.02089814689571216,0.7663438387664007,36.67042071197411,1.6638172967286669,0.8093685714285714,61.01288025889968,2024,3
CMP-8745,Flash Sale - Google Ads 2025 Q2,Google Ads,2024-04-07,2024-04-21,16500.0,17463.46,1167279.0,37851.0,1693.0,99080.39,14,0.03242669490327505,0.04472801246994795,0.4613738078254207,10.315097460129946,5.673583012759213,1.058391515151515,58.523561724748966,2024,2
CMP-8746,Year End Clearance - Instagram 2024 Q4,Instagram,2024-06-28,2024-07-14,11700.0,10236.38,936901.0,29410.0,1140.0,50807.34,16,0.03139072324610605,0.03876232573954437,0.3480578034682081,8.979280701754385,4.963408939488374,0.8749042735042735,44.56784210526315,2024,2
CMP-8747,New Product Launch - Facebook 2025 Q4,Facebook,2025-03-06,2025-03-17,15200.0,12969.74,810635.0,12385.0,309.0,32446.89,11,0.01527814614468904,0.024949535728704078,1.0472135647961243,41.97326860841424,2.50173789143036,0.8532723684210526,105.00611650485436,2025,1
CMP-8748,Seasonal Collection - Instagram 2025 Q4,Instagram,2024-03-23,2024-05-15,24700.0,20855.78,2615984.0,70768.0,2798.0,63399.93,53,0.02705215322417874,0.03953764413294144,0.2947063644585123,7.453817012151537,3.039921307186785,0.8443635627530364,22.659017155110792,2024,1
CMP-8749,Referral Program - LinkedIn 2025 Q3,LinkedIn,2025-08-20,2025-09-08,24400.0,18136.94,1585909.0,36329.0,1483.0,88791.85,19,0.022907367320571356,0.04082138236670429,0.4992413774119849,12.229898853674982,4.895635647468647,0.7433172131147541,59.873128792987195,2025,3
CMP-8750,Year End Clearance - Instagram 2024 Q4,Instagram,2024-10-03,2024-11-24,11900.0,12630.7,1339495.0,51257.0,1410.0,26783.02,52,0.03826591364656083,0.027508437871900424,0.24641902569405155,8.957943262411348,2.1204699660351367,1.061403361344538,18.995049645390072,2024,4
CMP-8751,Brand Awareness - Facebook 2024 Q1,Facebook,2025-06-14,2025-07-18,4800.0,4409.21,506315.0,23918.0,1149.0,23307.39,34,0.047239366797349476,0.048039133706831674,0.1843469353624885,3.8374325500435162,5.286069386579455,0.9185854166666667,20.284934725848565,2025,2
CMP-8752,Black Friday - Facebook 2024 Q3,Facebook,2025-01-29,2025-02-23,7200.0,6560.42,1007109.0,45684.0,1778.0,38997.04,25,0.045361524919348355,0.0389195341914018,0.14360432536555467,3.6897750281214847,5.944290152154893,0.9111694444444445,21.933093363329583,2025,1
CMP-8753,Free Trial Push - Facebook 2024 Q4,Facebook,2024-06-13,2024-07-17,16800.0,13300.25,883496.0,20240.0,549.0,73991.07,34,0.022908988835263544,0.027124505928853754,0.6571269762845849,24.22632058287796,5.5631337756809085,0.7916815476190476,134.77426229508197,2024,2
CMP-8754,Flash Sale - Email 2024 Q3,Email,2024-03-08,2024-04-26,14100.0,14925.27,21508393.0,931479.0,101496.0,78855.96,49,0.04330769853424196,0.10896219882573842,0.016023195369943927,0.14705279025774415,5.2833858281960735,1.0585297872340427,0.7769366280444551,2024,1
CMP-8755,Customer Retention - Google Ads 2024 Q3,Google Ads,2024-06-03,2024-06-16,13100.0,12656.91,565970.0,43377.0,2421.0,72150.75,13,0.07664187147728678,0.055812988450100284,0.2917885054291445,5.227967781908302,5.700502729339152,0.9661763358778626,29.802044609665426,2024,2
CMP-8756,New Product Launch - LinkedIn 2024 Q4,LinkedIn,2025-06-03,2025-08-02,19900.0,20905.94,672860.0,10559.0,409.0,182331.79,60,0.015692714680617066,0.03873472866748745,1.979916658774505,51.11476772616137,8.72153034018083,1.0505497487437185,445.79899755501225,2025,2
CMP-8757,Year End Clearance - Instagram 2024 Q4,Instagram,2024-06-30,2024-07-26,19700.0,18198.93,3157129.0,160563.0,7812.0,41897.6,26,0.050857282043274124,0.04865379944320921,0.11334448160535117,2.329612135176651,2.302201283262258,0.9238035532994924,5.363236047107015,2024,2
CMP-8758,Valentine's Special - Email 2024 Q2,Email,2025-02-13,2025-03-23,24600.0,23575.49,13512578.0,1050320.0,89118.0,331104.53,38,0.0777290610274368,0.08484842714601265,0.022446006931220962,0.26454240445252364,14.044438949095014,0.9583532520325204,3.7153496487802693,2025,1
CMP-8759,Year End Clearance - Instagram 2024 Q3,Instagram,2024-08-20,2024-09-24,13900.0,12519.25,793037.0,37393.0,1418.0,50084.95,35,0.047151646140091825,0.03792153611638542,0.3348019682828337,8.828808180535965,4.000635022066018,0.9006654676258993,35.32083921015514,2024,3
CMP-8760,New Product Launch - LinkedIn 2025 Q3,LinkedIn,2025-05-11,2025-06-01,5800.0,4755.08,175156.0,1028.0,37.0,18813.93,21,0.00586905387197698,0.03599221789883268,4.625564202334631,128.51567567567568,3.956595893234183,0.8198413793103448,508.4845945945946,2025,2
CMP-8761,Seasonal Collection - LinkedIn 2024 Q4,LinkedIn,2024-07-02,2024-08-07,16200.0,14549.42,414341.0,3312.0,200.0,129240.78,36,0.007993416051030431,0.06038647342995169,4.392940821256039,72.7471,8.88288192931402,0.8981123456790123,646.2039,2024,3
CMP-8762,Holiday Deals - Facebook 2025 Q2,Facebook,2024-11-28,2024-12-20,13900.0,13072.29,3591544.0,59670.0,3140.0,26520.67,22,0.016614024497542006,0.052622758505111444,0.21907642031171445,4.163149681528663,2.0287700165770493,0.9404525179856116,8.446073248407643,2024,4
CMP-8763,Referral Program - Facebook 2025 Q4,Facebook,2025-09-17,2025-10-02,9400.0,8894.49,527095.0,20371.0,750.0,49984.13,15,0.038647682106641115,0.03681704383682686,0.43662510431495755,11.85932,5.619673528218032,0.9462223404255319,66.64550666666666,2025,3
CMP-8764,Spring Sale - Instagram 2024 Q1,Instagram,2024-03-31,2024-04-26,10500.0,7761.78,575878.0,17918.0,457.0,27416.39,26,0.031114229055459665,0.025505078691818284,0.4331833910034602,16.984201312910283,3.532229720502256,0.7392171428571428,59.99210065645514,2024,1
CMP-8765,Year End Clearance - Facebook 2024 Q2,Facebook,2024-07-07,2024-08-05,9800.0,10112.89,3058182.0,106574.0,6215.0,24317.96,29,0.034848808867490554,0.058316287274569785,0.0948907801152251,1.6271745776347546,2.404649907197646,1.031927551020408,3.9127851971037813,2024,3
CMP-8766,Back to School - Facebook 2025 Q1,Facebook,2025-06-05,2025-06-28,20200.0,14479.58,1189228.0,12726.0,667.0,39047.16,23,0.010701059847228623,0.05241238409555241,1.1377950652208078,21.708515742128935,2.696705291175573,0.7168108910891089,58.54146926536732,2025,2
CMP-8767,Brand Awareness - LinkedIn 2025 Q3,LinkedIn,2024-09-20,2024-11-04,6100.0,4543.75,141735.0,3965.0,296.0,34844.36,45,0.027974741595230536,0.0746532156368222,1.1459646910466583,15.350506756756756,7.668634938101788,0.7448770491803278,117.71743243243243,2024,3
CMP-8768,Year End Clearance - Facebook 2024 Q3,Facebook,2025-09-15,2025-10-06,12400.0,9872.33,1601210.0,26346.0,1529.0,47968.72,21,0.016453806808600997,0.058035375389053366,0.3747183633189099,6.456723348593852,4.858905648413293,0.7961556451612903,31.372609548724657,2025,3
CMP-8769,Customer Retention - Email 2025 Q1,Email,2025-03-01,2025-04-07,14900.0,13514.25,5608714.0,440794.0,31181.0,194880.92,37,0.07859092119869189,0.07073825868773169,0.030658879204344888,0.4334129758506783,14.420402168081841,0.906996644295302,6.249989416631924,2025,1
CMP-8770,New Product Launch - Instagram 2024 Q3,Instagram,2025-10-16,2025-12-06,10400.0,9040.64,823000.0,18636.0,914.0,29147.74,51,0.022643985419198057,0.04904485941189096,0.4851169778922515,9.891291028446389,3.2240792687243385,0.8692923076923076,31.890306345733045,2025,4
CMP-8771,Back to School - Facebook 2025 Q4,Facebook,2024-07-06,2024-07-21,23600.0,20330.8,1426613.0,55943.0,2044.0,79902.87,15,0.03921385827831374,0.036537189639454445,0.3634199095507928,9.946575342465753,3.9301390009247053,0.8614745762711864,39.09142367906066,2024,3
CMP-8772,Valentine's Special - Google Ads 2024 Q2,Google Ads,2024-07-06,2024-07-31,13000.0,13024.2,874316.0,60918.0,3292.0,35922.48,25,0.0696750374006652,0.054039856856758266,0.21379887717915888,3.956318347509113,2.75813332104851,1.0018615384615386,10.912053462940463,2024,3
CMP-8773,Spring Sale - Facebook 2025 Q1,Facebook,2025-07-20,2025-09-10,6700.0,6221.32,347684.0,5798.0,259.0,29680.29,52,0.016676062171397017,0.04467057606071059,1.0730113832355985,24.02054054054054,4.770738364205667,0.928555223880597,114.5957142857143,2025,3
CMP-8774,Year End Clearance - Email 2024 Q2,Email,2025-06-25,2025-07-12,14500.0,10489.97,3866357.0,206405.0,24558.0,111805.23,17,0.053384878840727845,0.11897967587994476,0.050822266902449065,0.4271508266145451,10.658298355476708,0.7234462068965517,4.5527009528463225,2025,2
CMP-8775,Brand Awareness - Google Ads 2024 Q2,Google Ads,2025-04-09,2025-04-25,21900.0,17827.11,774969.0,38128.0,1737.0,64256.16,16,0.049199387330331926,0.04555707091900965,0.46755953629878305,10.263160621761658,3.6044069958619205,0.8140232876712329,36.9926079447323,2025,2
CMP-8776,Back to School - Google Ads 2024 Q3,Google Ads,2024-10-17,2024-12-11,9700.0,10605.88,797173.0,26106.0,859.0,61099.41,55,0.03274822403668965,0.032904313184708496,0.40626216195510606,12.346775320139697,5.760899614176288,1.0933896907216494,71.1285331781141,2024,4
CMP-8777,Cyber Monday - Facebook 2025 Q4,Facebook,2024-01-30,2024-03-02,17400.0,12295.76,1916179.0,82571.0,3676.0,37777.25,32,0.04309148571192983,0.044519262210703514,0.14891136113163217,3.34487486398259,3.0723802351379663,0.7066528735632184,10.276727421109902,2024,1
CMP-8778,Seasonal Collection - Google Ads 2024 Q4,Google Ads,2025-03-22,2025-05-05,700.0,491.67,39664.0,1135.0,103.0,3366.17,44,0.028615369100443728,0.0907488986784141,0.4331894273127753,4.773495145631068,6.846401041348872,0.7023857142857143,32.68126213592233,2025,1
CMP-8779,Year End Clearance - Facebook 2025 Q3,Facebook,2024-11-12,2024-11-27,13400.0,14045.65,2959889.0,90615.0,6285.0,28293.89,15,0.030614323712814907,0.0693593775864923,0.1550035866026596,2.2347891805887032,2.01442368277723,1.0481828358208956,4.501812251392203,2024,4
CMP-8780,New Product Launch - Instagram 2024 Q4,Instagram,2024-07-10,2024-08-03,23300.0,22722.64,2711501.0,155763.0,2796.0,74921.63,24,0.057445304279806646,0.017950347643535373,0.1458795734545431,8.126838340486408,3.2972238261047133,0.975220600858369,26.796005007153077,2024,3
CMP-8781,New Product Launch - Facebook 2025 Q1,Facebook,2025-01-09,2025-03-02,8100.0,5900.73,1331458.0,24807.0,1459.0,19876.28,52,0.01863145514165674,0.05881404442294513,0.2378655218285161,4.044366004112406,3.3684442433393835,0.7284851851851851,13.623221384509938,2025,1
CMP-8782,Holiday Deals - Facebook 2024 Q3,Facebook,2024-12-27,2025-01-23,19900.0,16009.6,1091408.0,27593.0,1577.0,80981.07,27,0.02528202102238576,0.05715217627659189,0.5802051244880948,10.151934051997463,5.058281905856487,0.8045025125628141,51.351344324667096,2024,4
CMP-8783,New Product Launch - LinkedIn 2025 Q1,LinkedIn,2025-05-29,2025-06-29,15000.0,11619.61,374591.0,4114.0,188.0,85807.45,31,0.010982645071558045,0.045697617890131256,2.8244069032571706,61.80643617021277,7.384709985963384,0.7746406666666668,456.4226063829787,2025,2
CMP-8784,Free Trial Push - Facebook 2024 Q3,Facebook,2024-04-12,2024-06-01,11200.0,8893.28,599707.0,10114.0,315.0,14734.43,50,0.016864902360652786,0.03114494759738976,0.8793039351394107,28.232634920634922,1.6568049133727938,0.7940428571428572,46.77596825396825,2024,2
CMP-8785,Brand Awareness - LinkedIn 2024 Q3,LinkedIn,2025-06-07,2025-07-01,7300.0,7960.69,191092.0,4746.0,271.0,55857.18,24,0.024836204550687628,0.05710071639275179,1.677347239780868,29.375239852398522,7.016625443271877,1.0905054794520548,206.11505535055352,2025,2
CMP-8786,Summer Promo - Instagram 2025 Q2,Instagram,2024-10-17,2024-10-25,2100.0,1992.38,354464.0,3730.0,91.0,3051.52,8,0.010522930396316693,0.024396782841823058,0.5341501340482574,21.894285714285715,1.5315953783916723,0.948752380952381,33.533186813186816,2024,4
CMP-8787,Free Trial Push - Instagram 2024 Q3,Instagram,2024-08-06,2024-08-16,17000.0,15098.23,2548646.0,60543.0,3110.0,62389.52,10,0.02375496636253132,0.051368448871050326,0.24938027517632094,4.854736334405144,4.132240666621187,0.8881311764705883,20.060938906752412,2024,3
CMP-8788,Seasonal Collection - Instagram 2024 Q3,Instagram,2024-12-30,2025-01-26,19400.0,16305.46,3316699.0,43208.0,1450.0,28230.29,27,0.013027410687554102,0.03355860025921126,0.3773713201259026,11.245144827586206,1.7313396862155377,0.8404876288659794,19.46916551724138,2024,4
CMP-8789,New Product Launch - Facebook 2025 Q2,Facebook,2024-07-06,2024-07-15,13200.0,10019.31,609053.0,24570.0,1435.0,38666.39,9,0.040341316765536005,0.0584045584045584,0.40778632478632476,6.9820975609756095,3.8591869100766423,0.7590386363636363,26.94521951219512,2024,3
CMP-8790,Summer Promo - Facebook 2024 Q4,Facebook,2024-09-03,2024-10-05,13500.0,13922.13,2431255.0,95941.0,4738.0,51310.73,32,0.03946151267555234,0.04938451756808872,0.14511137052980477,2.938398058252427,3.685551707964227,1.0312688888888888,10.829617982271001,2024,3
CMP-8791,Back to School - LinkedIn 2024 Q3,LinkedIn,2024-08-31,2024-09-25,5900.0,5232.39,123942.0,2773.0,145.0,15261.72,25,0.022373368188346163,0.05228993869455464,1.8869058781103498,36.08544827586207,2.9167779924661574,0.8868457627118644,105.25324137931034,2024,3
CMP-8792,Summer Promo - Facebook 2025 Q3,Facebook,2025-10-04,2025-10-17,3900.0,3009.08,175695.0,4447.0,216.0,8008.39,13,0.02531090810780045,0.04857207105914099,0.6766539239937036,13.930925925925926,2.661408138035546,0.7715589743589744,37.07587962962963,2025,4
CMP-8793,Black Friday - Google Ads 2024 Q4,Google Ads,2025-04-05,2025-05-16,14700.0,13644.12,1667146.0,39822.0,3189.0,71829.39,41,0.02388633029140819,0.08008136206117222,0.3426276932348953,4.278494825964253,5.264494155724224,0.9281714285714286,22.524111006585137,2025,2
CMP-8794,Flash Sale - LinkedIn 2025 Q1,LinkedIn,2024-09-27,2024-11-11,2900.0,3007.49,83160.0,2009.0,81.0,29203.51,45,0.024158249158249157,0.04031856645097063,1.4970084619213537,37.129506172839505,9.710260050739986,1.0370655172413792,360.5371604938271,2024,3
CMP-8795,Brand Awareness - Instagram 2024 Q1,Instagram,2025-02-16,2025-02-28,10300.0,8353.08,1027867.0,55428.0,921.0,24412.05,12,0.05392526464999849,0.016616150681965793,0.15070145053041784,9.06957654723127,2.92252079472482,0.810978640776699,26.50602605863192,2025,1
CMP-8796,Back to School - Instagram 2024 Q2,Instagram,2025-08-02,2025-09-17,2600.0,2463.59,166611.0,4928.0,242.0,7363.58,46,0.02957787901158987,0.049107142857142856,0.499916801948052,10.18012396694215,2.9889632609322168,0.9475346153846155,30.42801652892562,2025,3
CMP-8797,Referral Program - LinkedIn 2024 Q1,LinkedIn,2025-06-07,2025-06-22,7800.0,7360.5,292654.0,5730.0,232.0,15562.75,15,0.0195794351008358,0.04048865619546248,1.2845549738219895,31.726293103448278,2.1143604374702805,0.9436538461538462,67.08081896551724,2025,2
CMP-8798,Year End Clearance - LinkedIn 2024 Q4,LinkedIn,2024-08-25,2024-10-01,4700.0,3997.57,255254.0,3275.0,233.0,35546.7,37,0.01283035721281547,0.07114503816793893,1.2206320610687023,17.15695278969957,8.892076936739068,0.8505468085106384,152.56094420600857,2024,3
CMP-8799,Referral Program - Facebook 2025 Q1,Facebook,2025-05-30,2025-06-26,21600.0,19854.18,1185470.0,41179.0,1581.0,102912.83,27,0.034736433650788295,0.03839335583671289,0.48214332548143474,12.55798861480076,5.183433916686562,0.919175,65.09350411132195,2025,2
CMP-8800,Holiday Deals - Google Ads 2025 Q4,Google Ads,2024-01-08,2024-02-15,2600.0,2020.31,103293.0,6339.0,329.0,5957.92,38,0.06136911504167756,0.051900930746174474,0.31871115317873483,6.140759878419453,2.949012775267162,0.7770423076923076,18.10917933130699,2024,1
CMP-8801,Customer Retention - Facebook 2024 Q4,Facebook,2024-03-19,2024-05-15,7800.0,7500.18,999765.0,38031.0,2141.0,19621.11,57,0.03803993938575565,0.05629617943256817,0.1972122741973653,3.503120037365717,2.616085213954865,0.9615615384615385,9.164460532461467,2024,1
CMP-8802,Year End Clearance - Email 2024 Q1,Email,2024-04-03,2024-05-25,11700.0,8290.85,4398239.0,349731.0,12460.0,154833.63,52,0.0795161427107531,0.03562738218802451,0.023706362890335717,0.6653972712680578,18.67524198363256,0.7086196581196581,12.426455056179776,2024,2
CMP-8803,Seasonal Collection - Email 2024 Q2,Email,2025-07-25,2025-09-10,16400.0,11834.31,9211643.0,564073.0,59514.0,109245.77,47,0.0612347873229564,0.1055076204675636,0.020980103639067993,0.19884917834459118,9.231274996176372,0.7216042682926829,1.8356314480626408,2025,3
CMP-8804,Summer Promo - LinkedIn 2025 Q4,LinkedIn,2025-05-22,2025-06-06,3000.0,3192.38,169122.0,4731.0,147.0,29157.92,15,0.027973888672082874,0.031071655041217502,0.6747791164658635,21.71687074829932,9.133599383532035,1.0641266666666667,198.35319727891155,2025,2
CMP-8805,Customer Retention - Facebook 2024 Q1,Facebook,2025-04-29,2025-06-19,19300.0,15642.34,1517786.0,70193.0,2387.0,34940.67,51,0.04624696762257657,0.034006239938455404,0.2228475773937572,6.553137829912023,2.2337239824732102,0.8104839378238342,14.637901131126936,2025,2
CMP-8806,Back to School - Instagram 2025 Q4,Instagram,2025-10-09,2025-11-04,6100.0,5734.72,704834.0,17814.0,834.0,25568.83,26,0.025274036156031066,0.046817110138093636,0.32192208375435055,6.876163069544365,4.458601291780592,0.9401180327868853,30.658069544364512,2025,4
CMP-8807,Customer Retention - Instagram 2025 Q2,Instagram,2025-05-01,2025-06-18,19100.0,20789.12,4221903.0,64037.0,2668.0,48832.2,48,0.015167804660599735,0.0416634133391633,0.32464231616096945,7.7920239880059965,2.348930594464797,1.0884356020942407,18.302923538230882,2025,2
CMP-8808,Black Friday - Facebook 2025 Q3,Facebook,2025-04-24,2025-05-29,19100.0,20073.68,1624105.0,41290.0,826.0,113105.16,35,0.025423233103771,0.02000484378784209,0.4861632356502785,24.30227602905569,5.63450050015742,1.050978010471204,136.93118644067798,2025,2
CMP-8809,Black Friday - Email 2025 Q2,Email,2025-08-02,2025-08-26,800.0,820.77,707008.0,25062.0,1990.0,5303.92,24,0.03544797230017199,0.07940308036070545,0.03274958103902322,0.4124472361809045,6.462127027059956,1.0259624999999999,2.665286432160804,2025,3
CMP-8810,Valentine's Special - Facebook 2024 Q2,Facebook,2024-11-06,2024-11-22,11500.0,10756.0,771851.0,32192.0,1207.0,51392.83,16,0.041707531634991725,0.03749378727634195,0.3341202783300199,8.911350455675228,4.778061547043511,0.935304347826087,42.578980944490475,2024,4
CMP-8811,Valentine's Special - Google Ads 2025 Q2,Google Ads,2024-02-04,2024-02-23,1800.0,1534.41,245683.0,9283.0,803.0,5921.23,19,0.037784462091394196,0.08650220833782182,0.16529247010664658,1.9108468244084684,3.8589620766288015,0.85245,7.373885429638854,2024,1
CMP-8812,Spring Sale - Email 2025 Q1,Email,2025-06-18,2025-06-29,2000.0,1900.29,699119.0,82206.0,5111.0,11738.55,11,0.11758513214488521,0.0621730773909447,0.023116195898109627,0.3718039522598317,6.177241368422714,0.950145,2.2967227548424964,2025,2
CMP-8813,Flash Sale - Instagram 2024 Q4,Instagram,2024-04-25,2024-05-25,19700.0,18241.93,2645015.0,35104.0,985.0,74829.91,30,0.01327175838322278,0.028059480401093892,0.5196538855970829,18.519725888324874,4.102082948459949,0.9259862944162437,75.96945177664975,2024,2
CMP-8814,Brand Awareness - Google Ads 2024 Q3,Google Ads,2024-06-01,2024-07-18,6200.0,6133.13,508069.0,23315.0,1258.0,42137.89,47,0.045889436277356026,0.05395668024876689,0.2630551147330045,4.875302066772655,6.870535925375787,0.9892145161290323,33.49593799682035,2024,2
CMP-8815,Cyber Monday - Facebook 2024 Q4,Facebook,2024-11-16,2025-01-15,12800.0,13114.15,1116553.0,21036.0,625.0,39212.94,60,0.018840126711405548,0.02971097166761742,0.6234146225518159,20.98264,2.9901244076055256,1.02454296875,62.740704,2024,4
CMP-8816,Flash Sale - Google Ads 2024 Q4,Google Ads,2025-07-02,2025-08-18,22000.0,18918.79,2232509.0,175788.0,10663.0,49897.86,47,0.07874010810258772,0.06065829294377318,0.10762276150818031,1.774246459720529,2.637476286802697,0.8599450000000001,4.6795329644565316,2025,3
CMP-8817,Cyber Monday - Facebook 2024 Q4,Facebook,2024-04-30,2024-05-13,9300.0,10194.31,833144.0,16469.0,898.0,32311.86,13,0.019767291128544404,0.05452668650191268,0.6189999392798591,11.352238307349666,3.169597550005837,1.096162365591398,35.98202672605791,2024,2
CMP-8818,Flash Sale - Google Ads 2025 Q3,Google Ads,2025-03-03,2025-03-21,12100.0,9227.01,423100.0,31849.0,1765.0,18567.99,18,0.07527534861734815,0.055417752519702344,0.28971113692737605,5.227767705382436,2.012351780262512,0.7625628099173554,10.520107648725213,2025,1
CMP-8819,Flash Sale - Email 2025 Q1,Email,2024-10-15,2024-11-28,1600.0,1665.39,679458.0,78916.0,7838.0,25406.7,44,0.11614551598479965,0.09932079679659385,0.02110332505448832,0.21247639704006124,15.255705870696953,1.04086875,3.2414774177085994,2024,4
CMP-8820,Spring Sale - Google Ads 2025 Q4,Google Ads,2025-09-21,2025-10-27,13800.0,14583.93,1207691.0,72740.0,7233.0,106118.04,36,0.06023063846629643,0.09943634863898818,0.20049395105856477,2.016304437992534,7.276367892605079,1.0568065217391305,14.671372874326005,2025,3
CMP-8821,Free Trial Push - Instagram 2025 Q4,Instagram,2024-07-05,2024-07-15,20300.0,19356.4,1071002.0,25516.0,1338.0,80782.75,10,0.023824418628536643,0.05243768615770497,0.7585985264147986,14.466666666666669,4.173438759273418,0.9535172413793104,60.37574738415545,2024,3
CMP-8822,Cyber Monday - Facebook 2025 Q1,Facebook,2025-07-28,2025-09-08,16900.0,16967.4,3808185.0,113546.0,3964.0,49539.71,42,0.02981630356718489,0.034910961196343335,0.14943194828527648,4.28037336024218,2.919699541473649,1.0039881656804734,12.497404137235115,2025,3
CMP-8823,Holiday Deals - Google Ads 2024 Q3,Google Ads,2024-10-13,2024-12-05,12600.0,9580.62,520167.0,17518.0,722.0,67105.48,53,0.03367764583297287,0.04121475054229935,0.5469014727708643,13.269556786703602,7.004294085351469,0.7603666666666667,92.94387811634348,2024,4
CMP-8824,Spring Sale - Instagram 2024 Q4,Instagram,2024-10-03,2024-12-02,7500.0,5687.59,477951.0,23138.0,528.0,9378.96,60,0.048410820356061604,0.02281960411444377,0.24581165182816148,10.771950757575757,1.649021817676731,0.7583453333333333,17.763181818181817,2024,4
CMP-8825,Valentine's Special - Google Ads 2025 Q3,Google Ads,2025-06-14,2025-07-22,2000.0,1914.97,86620.0,2735.0,226.0,10019.46,38,0.03157469406603556,0.08263254113345521,0.7001718464351006,8.473318584070796,5.232175960981111,0.957485,44.33389380530973,2025,2
CMP-8826,Free Trial Push - Facebook 2025 Q2,Facebook,2024-07-27,2024-08-22,6800.0,5966.12,408192.0,8593.0,390.0,33684.49,26,0.021051367983693947,0.0453857791225416,0.6943000116373792,15.29774358974359,5.645962535114949,0.8773705882352941,86.37048717948717,2024,3
CMP-8827,Flash Sale - Email 2025 Q4,Email,2024-11-13,2024-12-30,6600.0,5487.6,2832030.0,81861.0,9143.0,65355.93,47,0.0289054141375621,0.11168932702996542,0.06703558471066809,0.6001968719238763,11.909747430570741,0.8314545454545456,7.148193153231981,2024,4
CMP-8828,Referral Program - Facebook 2025 Q3,Facebook,2025-10-17,2025-12-11,10700.0,10174.34,613209.0,9068.0,583.0,49483.26,55,0.014787780348951174,0.06429201588001765,1.1220048522276136,17.45169811320755,4.863535128568536,0.9508728971962617,84.87694682675816,2025,4
CMP-8829,Valentine's Special - Google Ads 2025 Q3,Google Ads,2024-03-31,2024-04-30,14400.0,10611.75,807361.0,37980.0,3141.0,70294.09,30,0.04704215338615564,0.08270142180094786,0.2794036334913112,3.3784622731614133,6.624175088934436,0.7369270833333333,22.37952562878064,2024,1
CMP-8830,Cyber Monday - LinkedIn 2024 Q3,LinkedIn,2024-06-05,2024-06-21,24600.0,23074.3,557005.0,6407.0,433.0,163565.87,16,0.011502589743359574,0.06758233182456688,3.601420321523334,53.289376443418014,7.08866011103262,0.9379796747967479,377.75027713625866,2024,2
CMP-8831,Back to School - Facebook 2024 Q4,Facebook,2025-02-16,2025-03-08,19900.0,18836.82,2018100.0,47461.0,2161.0,86499.82,20,0.023517665130568355,0.04553212110996397,0.3968904995680664,8.716714484035169,4.592060655673304,0.9465738693467336,40.02768162887553,2025,1
CMP-8832,Year End Clearance - Facebook 2024 Q2,Facebook,2025-02-05,2025-03-08,10500.0,10238.71,655133.0,12595.0,599.0,37980.52,31,0.019225103910198386,0.04755855498213577,0.8129186184994045,17.093005008347244,3.70950246661933,0.975115238095238,63.40654424040066,2025,1
CMP-8833,Referral Program - LinkedIn 2024 Q2,LinkedIn,2024-08-31,2024-10-07,18800.0,16956.48,1465796.0,33980.0,2166.0,46933.63,37,0.0231819434628011,0.06374337845791642,0.49901353737492643,7.828476454293629,2.767887556851422,0.9019404255319149,21.668342566943675,2024,3
CMP-8834,New Product Launch - Google Ads 2024 Q4,Google Ads,2025-11-12,2025-12-17,4000.0,2804.8,276530.0,16579.0,1170.0,22054.05,35,0.05995371207463928,0.07057120453585862,0.16917787562579167,2.3972649572649574,7.862967056474615,0.7012,18.849615384615383,2025,4
CMP-8835,Customer Retention - LinkedIn 2025 Q2,LinkedIn,2024-08-13,2024-09-27,5500.0,4418.74,156485.0,2404.0,76.0,16702.99,45,0.015362494807809055,0.03161397670549085,1.8380782029950082,58.14131578947368,3.7800345799933925,0.8034072727272726,219.77618421052634,2024,3
CMP-8836,Customer Retention - Google Ads 2025 Q2,Google Ads,2024-01-25,2024-02-29,8600.0,9149.39,1233277.0,61156.0,3947.0,34046.12,35,0.04958821092098531,0.0645398652626071,0.14960739747530905,2.318061819103116,3.7211355073944827,1.0638825581395348,8.625822143400052,2024,1
CMP-8837,Summer Promo - Google Ads 2024 Q4,Google Ads,2024-06-10,2024-08-07,13500.0,10923.55,660031.0,16218.0,1330.0,68636.14,58,0.024571573153382188,0.08200764582562585,0.6735448267357257,8.213195488721803,6.28331815206595,0.8091518518518518,51.60612030075188,2024,2
CMP-8838,Summer Promo - LinkedIn 2024 Q3,LinkedIn,2025-06-23,2025-06-30,16800.0,17599.4,659580.0,13736.0,395.0,54268.56,7,0.020825373722672003,0.028756552125800815,1.281260920209668,44.55544303797469,3.083546029978294,1.0475833333333333,137.38875949367088,2025,2
CMP-8839,Flash Sale - Email 2024 Q3,Email,2024-01-21,2024-02-13,5500.0,6003.11,2808632.0,71813.0,6317.0,71046.54,23,0.025568675426328548,0.08796457465918427,0.08359363903471516,0.950310273864176,11.834955548040933,1.0914745454545454,11.246879848029126,2024,1
CMP-8840,Year End Clearance - Email 2024 Q4,Email,2024-03-30,2024-04-06,7400.0,5368.29,4793136.0,203169.0,12106.0,79505.31,7,0.04238748910942648,0.05958586201635092,0.02642278103450822,0.44344044275565836,14.810174189546391,0.7254445945945945,6.567430199900875,2024,1
CMP-8841,Summer Promo - Email 2024 Q1,Email,2024-02-18,2024-03-18,15100.0,15844.39,6732038.0,295468.0,11558.0,307456.74,29,0.04388982949888281,0.039117603259913085,0.05362472416640719,1.3708591451808272,19.404769763935374,1.0492973509933774,26.601206091019208,2024,1
CMP-8842,Summer Promo - Instagram 2025 Q4,Instagram,2025-09-17,2025-11-16,11400.0,11491.04,604197.0,21216.0,1214.0,36388.92,60,0.03511437494724403,0.0572209653092006,0.5416214177978884,9.465436573311369,3.1667212019103577,1.0079859649122809,29.974398682042832,2025,3
CMP-8843,Summer Promo - Facebook 2024 Q4,Facebook,2025-06-02,2025-07-02,10200.0,7373.19,605003.0,8295.0,229.0,37627.14,30,0.01371067581483067,0.02760699216395419,0.8888716094032549,32.19733624454148,5.103237540331932,0.7228617647058823,164.31065502183407,2025,2
CMP-8844,Referral Program - Instagram 2024 Q3,Instagram,2024-07-10,2024-07-22,19000.0,18360.81,1081778.0,57928.0,1056.0,37648.91,12,0.053548879714691924,0.018229526308520923,0.3169591561938959,17.38713068181818,2.050503763178204,0.9663584210526317,35.6523768939394,2024,3
CMP-8845,Brand Awareness - Google Ads 2024 Q1,Google Ads,2024-01-10,2024-02-29,5900.0,4282.28,751279.0,22287.0,1601.0,18184.07,50,0.029665410586479857,0.07183559922824966,0.19214250459909363,2.6747532792004995,4.246352410398199,0.7258101694915253,11.357945034353529,2024,1
CMP-8846,Holiday Deals - Google Ads 2024 Q4,Google Ads,2024-05-01,2024-05-24,9200.0,8947.19,363490.0,10840.0,506.0,40856.56,23,0.02982200335635093,0.046678966789667896,0.8253865313653137,17.68219367588933,4.566412471401635,0.9725206521739131,80.74418972332015,2024,2
CMP-8847,Black Friday - Facebook 2024 Q3,Facebook,2025-09-05,2025-09-27,19000.0,19491.38,1826556.0,23637.0,1644.0,102938.99,22,0.012940747505140822,0.06955197360071075,0.8246131065702078,11.856070559610707,5.2812571505968275,1.025862105263158,62.614957420924576,2025,3
CMP-8848,Holiday Deals - Google Ads 2025 Q2,Google Ads,2024-11-29,2024-12-17,3500.0,2966.24,324333.0,25934.0,2315.0,14545.12,18,0.07996102770917544,0.0892650574535359,0.11437649417752756,1.2813131749460043,4.903554668536599,0.8474971428571428,6.282989200863931,2024,4
CMP-8849,Referral Program - Instagram 2024 Q2,Instagram,2025-10-24,2025-12-17,19600.0,17506.2,2203097.0,23133.0,1152.0,52608.42,54,0.010500218555969165,0.04979898845804694,0.756763065750227,15.196354166666667,3.0051307536758403,0.8931734693877551,45.66703125,2025,4
CMP-8850,Holiday Deals - Google Ads 2024 Q4,Google Ads,2025-04-02,2025-05-08,21200.0,18382.55,3176169.0,102861.0,8708.0,132391.66,36,0.0323852414654258,0.08465793643849467,0.17871253439107143,2.1109956361966007,7.202029098248067,0.8671014150943396,15.20345199816261,2025,2
CMP-8851,Brand Awareness - Instagram 2024 Q1,Instagram,2025-07-20,2025-08-26,14800.0,13619.44,1096528.0,45209.0,2502.0,23452.22,37,0.04122922533669911,0.055342962684421244,0.30125505983321904,5.443421262989609,1.7219665419429875,0.9202324324324325,9.373389288569145,2025,3
CMP-8852,Customer Retention - LinkedIn 2025 Q4,LinkedIn,2024-07-20,2024-09-10,15300.0,14795.66,329097.0,9163.0,399.0,64000.61,52,0.027842854842189384,0.04354469060351413,1.614717887154862,37.08185463659148,4.325634003484806,0.9670366013071895,160.4025313283208,2024,3
CMP-8853,Flash Sale - LinkedIn 2024 Q1,LinkedIn,2025-07-31,2025-08-14,8200.0,6755.1,277683.0,3051.0,114.0,32670.04,14,0.01098734888343903,0.03736479842674533,2.214060963618486,59.25526315789474,4.836351793459756,0.8237926829268293,286.57929824561404,2025,3
CMP-8854,Back to School - Instagram 2025 Q3,Instagram,2025-02-26,2025-04-12,1900.0,1408.48,96518.0,5090.0,91.0,3896.3,45,0.05273627717109762,0.01787819253438114,0.27671512770137524,15.477802197802198,2.7663154606384186,0.7413052631578948,42.816483516483515,2025,1
CMP-8855,Customer Retention - Google Ads 2024 Q1,Google Ads,2024-09-10,2024-11-02,10200.0,8087.18,358315.0,22867.0,2258.0,28075.07,53,0.06381814883552182,0.09874491625486509,0.35366160843136396,3.581567759078831,3.4715525065597648,0.7928607843137255,12.433600531443755,2024,3
CMP-8856,Valentine's Special - LinkedIn 2025 Q1,LinkedIn,2025-01-20,2025-02-09,12500.0,12051.67,476953.0,2726.0,182.0,53598.18,20,0.005715447853352427,0.06676449009537784,4.421008804108584,66.21796703296704,4.447365385875982,0.9641336,294.4954945054945,2025,1
CMP-8857,Spring Sale - LinkedIn 2024 Q2,LinkedIn,2025-06-01,2025-07-30,18500.0,19834.44,1253734.0,21941.0,1491.0,151677.03,59,0.017500522439369115,0.06795497014721298,0.9039897908026069,13.302776659959758,7.647154646160921,1.0721318918918918,101.72839034205231,2025,2
CMP-8858,Valentine's Special - Email 2024 Q4,Email,2024-08-07,2024-08-19,22000.0,20049.09,10565443.0,1188168.0,83965.0,364496.96,12,0.11245794426225195,0.07066761602736313,0.016873952168380228,0.23877913416304414,18.180224638624498,0.9113222727272727,4.341058298100399,2024,3
CMP-8859,Black Friday - LinkedIn 2025 Q1,LinkedIn,2025-02-27,2025-03-30,12100.0,10799.99,637126.0,8732.0,446.0,87697.53,31,0.013705295341894696,0.0510765002290426,1.2368289051763628,24.215224215246636,8.120149185323319,0.8925611570247933,196.6312331838565,2025,1
CMP-8860,Holiday Deals - Email 2025 Q1,Email,2025-11-03,2025-12-06,10700.0,11096.71,3840775.0,209274.0,6541.0,125499.69,33,0.05448744068579909,0.031255674379043745,0.05302479046608752,1.696485246904143,11.309630512106743,1.0370757009345795,19.186621311726036,2025,4
CMP-8861,Valentine's Special - Facebook 2024 Q4,Facebook,2024-04-20,2024-05-10,14000.0,14068.06,954948.0,26352.0,1676.0,61033.04,20,0.02759521984443132,0.06360048573163327,0.5338517000607165,8.393830548926013,4.3384119772022585,1.0048614285714286,36.415894988066825,2024,2
CMP-8862,Flash Sale - Google Ads 2024 Q1,Google Ads,2024-08-18,2024-10-07,9700.0,8746.66,1190562.0,44153.0,2314.0,60321.9,50,0.0370858468521589,0.05240866985255815,0.19809888342807963,3.779887640449438,6.896563945551788,0.9017175257731959,26.068236819360415,2024,3
CMP-8863,Holiday Deals - Google Ads 2024 Q1,Google Ads,2025-01-20,2025-02-02,2900.0,2792.02,160467.0,3527.0,186.0,12442.75,13,0.02197959705110708,0.05273603629146584,0.7916132690671959,15.010860215053764,4.456540425928181,0.9627655172413793,66.89650537634408,2025,1
CMP-8864,Customer Retention - Facebook 2025 Q2,Facebook,2025-06-25,2025-07-27,24700.0,19009.56,1422442.0,50747.0,2119.0,92978.31,32,0.03567597132255656,0.04175616292588724,0.37459475436971645,8.97100519112789,4.891134250345615,0.7696178137651822,43.87839075035394,2025,2
CMP-8865,Black Friday - Email 2025 Q1,Email,2024-03-11,2024-03-18,6000.0,5794.67,4790610.0,428927.0,48478.0,113722.87,7,0.0895349444016524,0.11302156310980656,0.013509688128749182,0.11953195263831017,19.62542646949697,0.9657783333333333,2.3458655472585503,2024,1
CMP-8866,Year End Clearance - Facebook 2024 Q2,Facebook,2024-02-13,2024-03-09,12000.0,11157.53,2996228.0,96812.0,5933.0,40440.46,25,0.03231129273206178,0.06128372515803826,0.1152494525472049,1.8805882352941177,3.624499329152599,0.9297941666666667,6.8161907972358,2024,1
CMP-8867,Brand Awareness - LinkedIn 2024 Q1,LinkedIn,2025-03-02,2025-04-13,17000.0,12424.63,711394.0,12300.0,815.0,70406.38,42,0.017289996823138795,0.06626016260162601,1.0101325203252032,15.244944785276072,5.666678202892159,0.7308605882352941,86.3881963190184,2025,1
CMP-8868,Valentine's Special - Email 2024 Q2,Email,2024-04-30,2024-05-18,2500.0,2648.2,2121365.0,94480.0,3776.0,49945.27,18,0.04453736155729919,0.03996613039796782,0.02802921253175275,0.7013241525423728,18.86008232006646,1.05928,13.22703125,2024,2
CMP-8869,Seasonal Collection - Instagram 2024 Q3,Instagram,2024-06-03,2024-07-28,12400.0,11708.54,1021710.0,41675.0,912.0,44968.88,55,0.04078946080590383,0.021883623275344932,0.28094877024595083,12.838311403508772,3.8406906411901054,0.9442370967741937,49.30798245614035,2024,2
CMP-8870,Cyber Monday - LinkedIn 2024 Q2,LinkedIn,2025-10-14,2025-12-03,21600.0,21087.31,1600182.0,9757.0,238.0,93809.42,50,0.0060974314171762965,0.02439274367121041,2.1612493594342523,88.60214285714287,4.448619572624484,0.9762643518518519,394.1572268907563,2025,4
CMP-8871,Customer Retention - LinkedIn 2025 Q1,LinkedIn,2025-10-09,2025-12-07,5700.0,5545.5,174680.0,1923.0,107.0,15504.63,59,0.01100870162583009,0.05564222568902756,2.8837753510140405,51.82710280373832,2.7958939680822286,0.9728947368421053,144.90308411214951,2025,4
CMP-8872,Cyber Monday - Google Ads 2025 Q1,Google Ads,2024-03-11,2024-05-08,13600.0,14162.35,788581.0,38444.0,2802.0,29766.39,58,0.048750857552997094,0.07288523566746437,0.3683890854229529,5.05437187723055,2.101797371198989,1.0413492647058824,10.623265524625268,2024,1
CMP-8873,Summer Promo - Email 2025 Q3,Email,2024-01-29,2024-03-13,6800.0,6227.77,2633892.0,189984.0,21770.0,36505.88,44,0.07213052015800192,0.11458859693447869,0.03278049730503622,0.2860711988975655,5.861790014724371,0.9158485294117648,1.6768892971979787,2024,1
CMP-8874,Year End Clearance - Instagram 2024 Q3,Instagram,2024-11-25,2024-12-02,13600.0,13409.69,702841.0,10667.0,519.0,48443.37,7,0.015176974593115655,0.04865472953970188,1.2571191525264835,25.837552986512524,3.61256449627098,0.9860066176470589,93.33982658959538,2024,4
CMP-8875,New Product Launch - LinkedIn 2025 Q3,LinkedIn,2025-10-16,2025-12-11,24400.0,23727.9,2346967.0,57944.0,1389.0,136519.7,56,0.024688885698009387,0.02397142068203783,0.40949710064890243,17.082721382289417,5.753551726027166,0.9724549180327869,98.28632109431247,2025,4
CMP-8876,Free Trial Push - Facebook 2025 Q3,Facebook,2025-03-15,2025-03-31,4400.0,3530.22,659086.0,10848.0,691.0,20790.03,16,0.016459157075100973,0.06369837758112094,0.3254258849557522,5.108856729377713,5.8891598823869336,0.8023227272727272,30.086874095513746,2025,1
CMP-8877,Summer Promo - Email 2024 Q2,Email,2025-07-17,2025-08-30,1000.0,924.2,1242112.0,91825.0,4705.0,6026.21,44,0.0739265058223413,0.051238769398312005,0.01006479716852709,0.19642933049946865,6.520460939190651,0.9242,1.2808097768331563,2025,3
CMP-8878,Seasonal Collection - LinkedIn 2025 Q2,LinkedIn,2024-02-21,2024-03-28,9400.0,9800.95,248875.0,4242.0,208.0,51291.92,36,0.01704470115519839,0.04903347477604903,2.310454974068836,47.119951923076925,5.233362072044036,1.042654255319149,246.59576923076924,2024,1
CMP-8879,Flash Sale - LinkedIn 2024 Q1,LinkedIn,2025-06-24,2025-07-16,4300.0,4697.39,143841.0,755.0,22.0,41935.12,22,0.005248851162046982,0.02913907284768212,6.2217086092715235,213.51772727272729,8.927323471119069,1.0924162790697676,1906.1418181818183,2025,2
CMP-8880,Brand Awareness - Facebook 2025 Q3,Facebook,2024-03-20,2024-05-12,5500.0,4271.16,271777.0,10915.0,240.0,14154.68,53,0.04016160307899491,0.021988089784699953,0.3913110398534127,17.796499999999998,3.314013055001452,0.7765745454545454,58.977833333333336,2024,1
CMP-8881,Black Friday - Facebook 2025 Q2,Facebook,2025-05-10,2025-05-29,18900.0,20266.68,1778179.0,40323.0,2558.0,86491.53,19,0.022676569681679967,0.06343774024750143,0.5026084368722565,7.922861610633308,4.267671369953046,1.0723111111111112,33.81216966379984,2025,2
CMP-8882,Free Trial Push - Facebook 2024 Q4,Facebook,2024-07-19,2024-08-07,16000.0,13772.1,1394561.0,31249.0,1485.0,70300.27,19,0.022407768466205492,0.047521520688662035,0.4407213030816986,9.274141414141415,5.104542517117942,0.86075625,47.34024915824916,2024,3
CMP-8883,Cyber Monday - Instagram 2025 Q4,Instagram,2024-09-16,2024-11-02,23800.0,20904.2,1173264.0,49955.0,2507.0,99658.66,47,0.04257780005182124,0.050185166649984986,0.4184606145530978,8.338332668528121,4.767398895915654,0.878327731092437,39.75215795771839,2024,3
CMP-8884,Flash Sale - Google Ads 2024 Q1,Google Ads,2025-05-29,2025-07-27,18600.0,15251.18,1191255.0,25580.0,1616.0,31762.5,59,0.021473152263789028,0.06317435496481626,0.5962150117279125,9.437611386138615,2.0826257378117625,0.8199559139784947,19.655012376237625,2025,2
CMP-8885,Black Friday - Facebook 2025 Q1,Facebook,2024-11-22,2024-12-20,19100.0,17049.97,4744500.0,77203.0,4755.0,99892.06,28,0.01627210454210138,0.06159087082108208,0.22084595158219242,3.5856929547844376,5.858782156214937,0.8926685863874346,21.007793901156678,2024,4
CMP-8886,Brand Awareness - Instagram 2025 Q1,Instagram,2025-08-06,2025-09-29,12600.0,10574.77,2126643.0,102986.0,4326.0,51843.31,54,0.04842655772501544,0.04200570951391451,0.10268162662886218,2.4444683310217292,4.902547289444593,0.8392674603174604,11.984121590383726,2025,3
CMP-8887,Black Friday - LinkedIn 2024 Q2,LinkedIn,2024-09-23,2024-10-24,10400.0,8446.97,811072.0,6224.0,248.0,75096.16,31,0.007673794681606565,0.03984575835475578,1.3571609897172237,34.0603629032258,8.89030741200691,0.8122086538461538,302.80709677419355,2024,3
CMP-8888,Brand Awareness - Facebook 2024 Q1,Facebook,2024-05-07,2024-06-03,15400.0,13153.27,974032.0,22600.0,860.0,32108.27,27,0.023202523120390294,0.03805309734513274,0.5820030973451328,15.294500000000001,2.44108651308762,0.8541084415584416,37.3351976744186,2024,2
CMP-8889,Back to School - Email 2025 Q3,Email,2024-11-30,2025-01-05,2200.0,1901.79,1256719.0,71877.0,8178.0,35839.17,36,0.05719416989796446,0.11377770357694394,0.026458950707458576,0.23254952311078503,18.844967109933272,0.8644499999999999,4.382388114453412,2024,4
CMP-8890,Black Friday - Facebook 2024 Q4,Facebook,2025-07-12,2025-08-03,17700.0,18056.12,4756904.0,170033.0,8526.0,71978.4,22,0.035744467409895175,0.050143207495015676,0.10619185687484194,2.117771522402064,3.9863713798977853,1.0201197740112993,8.44222378606615,2025,3
CMP-8891,Brand Awareness - Google Ads 2025 Q1,Google Ads,2024-06-20,2024-07-30,21200.0,15591.79,757794.0,57079.0,5264.0,115103.81,40,0.07532258107084511,0.09222305926873281,0.2731615830690797,2.9619661854103345,7.382334549144132,0.7354617924528303,21.866225303951367,2024,2
CMP-8892,Spring Sale - Email 2024 Q2,Email,2025-01-15,2025-03-15,21600.0,23225.02,8595745.0,931212.0,75681.0,297981.68,59,0.10833406528462629,0.08127150423319288,0.024940636503825123,0.3068804587677224,12.830201222646956,1.0752324074074073,3.937338037288091,2025,1
CMP-8893,Back to School - Instagram 2025 Q4,Instagram,2024-01-26,2024-02-29,5100.0,4828.8,863417.0,47815.0,1580.0,16042.26,34,0.055378803058082016,0.03304402384189062,0.10098922932134267,3.0562025316455697,3.3222042743538767,0.9468235294117647,10.15332911392405,2024,1
CMP-8894,Black Friday - Google Ads 2025 Q2,Google Ads,2025-02-27,2025-03-25,3400.0,2705.1,213676.0,7694.0,329.0,8755.48,26,0.03600778749134203,0.042760592669612685,0.3515856511567455,8.222188449848025,3.236656685519944,0.7956176470588235,26.61240121580547,2025,1
CMP-8895,Holiday Deals - Google Ads 2025 Q3,Google Ads,2024-02-14,2024-03-23,20500.0,17623.81,2839864.0,171767.0,17164.0,111504.57,38,0.06048423445629791,0.09992606263135527,0.10260300290509819,1.026789209974365,6.326927605324841,0.8596980487804878,6.496420997436496,2024,1
CMP-8896,Black Friday - Google Ads 2024 Q4,Google Ads,2025-05-03,2025-06-22,21800.0,22258.89,1384684.0,78269.0,6101.0,165746.23,50,0.056524809992749246,0.07794912417432188,0.2843896050799167,3.64840026225209,7.446293593256448,1.02105,27.16705949844288,2025,2
CMP-8897,New Product Launch - Instagram 2025 Q3,Instagram,2024-09-10,2024-10-13,9100.0,9982.44,619957.0,22519.0,687.0,22096.65,33,0.036323486951514376,0.030507571384164482,0.4432896665038412,14.530480349344979,2.2135519973072717,1.0969714285714287,32.16397379912664,2024,3
CMP-8898,Summer Promo - Google Ads 2024 Q4,Google Ads,2025-06-23,2025-08-06,21100.0,14947.64,1074892.0,58037.0,5633.0,75432.16,44,0.0539933314230639,0.09705877285180144,0.25755362958112926,2.653584235753595,5.046426057892751,0.7084189573459715,13.391116634120364,2025,2
CMP-8899,Back to School - Facebook 2024 Q4,Facebook,2024-03-02,2024-04-12,20300.0,19978.98,5115765.0,84526.0,5432.0,72875.58,41,0.016522651060007644,0.06426425005323806,0.23636490547287226,3.6780154639175255,3.647612640885571,0.9841862068965517,13.415975699558174,2024,1
CMP-8900,Referral Program - Google Ads 2025 Q2,Google Ads,2025-06-13,2025-07-07,13100.0,11655.44,514840.0,24168.0,1410.0,31594.87,24,0.04694273949188097,0.0583416087388282,0.4822674611055942,8.2662695035461,2.7107402208754023,0.8897282442748092,22.407709219858155,2025,2
CMP-8901,New Product Launch - Facebook 2025 Q1,Facebook,2024-10-18,2024-12-04,16500.0,13887.49,1220743.0,17307.0,437.0,57249.52,47,0.014177431285700594,0.02524989888484428,0.8024204079274282,31.779153318077803,4.122380646178683,0.8416660606060606,131.00576659038902,2024,4
CMP-8902,Free Trial Push - Google Ads 2024 Q3,Google Ads,2025-01-19,2025-02-01,23500.0,23214.0,1738233.0,57568.0,4349.0,115208.38,13,0.033118690072044425,0.07554544191217342,0.4032448582545859,5.337778799724075,4.962883604721289,0.9878297872340426,26.49077489077949,2025,1
CMP-8903,Year End Clearance - LinkedIn 2024 Q4,LinkedIn,2025-11-12,2025-12-01,6400.0,5367.69,204402.0,1381.0,59.0,32523.67,19,0.006756293969726324,0.042722664735698766,3.886813902968863,90.97779661016949,6.059155800726197,0.8387015624999999,551.2486440677966,2025,4
CMP-8904,Brand Awareness - Email 2024 Q1,Email,2024-08-31,2024-09-16,3900.0,3917.57,1528468.0,65948.0,6161.0,57502.97,16,0.04314647084531701,0.09342209013161885,0.05940392430399709,0.6358659308553807,14.678224001102723,1.0045051282051283,9.333382567764973,2024,3
CMP-8905,Year End Clearance - Instagram 2025 Q4,Instagram,2025-05-21,2025-06-06,15900.0,17030.2,1876063.0,96910.0,5534.0,56779.35,16,0.0516560477979684,0.05710452997626664,0.17573212258796822,3.0773762197325625,3.3340389425843497,1.0710817610062893,10.260092157571377,2025,2
CMP-8906,Cyber Monday - Email 2025 Q2,Email,2025-10-11,2025-11-18,4400.0,3371.25,3373576.0,111508.0,3751.0,41703.04,38,0.033053353474176955,0.033638842056175344,0.030233256806686516,0.8987603305785123,12.370200964034112,0.7661931818181819,11.117845907757932,2025,4
CMP-8907,Cyber Monday - Google Ads 2024 Q4,Google Ads,2024-03-25,2024-05-14,10700.0,10384.53,495146.0,25635.0,848.0,26256.98,50,0.051772608483154466,0.03307977374683051,0.4050918665886484,12.245908018867926,2.5284707155740316,0.9705168224299066,30.963419811320755,2024,1
CMP-8908,Referral Program - Email 2025 Q1,Email,2025-07-09,2025-09-02,5100.0,5190.57,3298791.0,215333.0,15172.0,100799.63,55,0.06527633911939253,0.07045831340296192,0.024104851555497762,0.3421150804112839,19.419761220829315,1.0177588235294117,6.643793171631954,2025,3
CMP-8909,New Product Launch - Google Ads 2025 Q4,Google Ads,2025-05-14,2025-06-27,4300.0,3971.64,260487.0,11103.0,775.0,19460.9,44,0.04262400810789022,0.06980095469692876,0.3577087273709808,5.1246967741935485,4.8999657572186806,0.9236372093023255,25.11083870967742,2025,2
CMP-8910,Flash Sale - Facebook 2024 Q3,Facebook,2025-03-11,2025-03-29,3000.0,2457.3,284697.0,11300.0,244.0,4622.42,18,0.03969132094823619,0.0215929203539823,0.21746017699115047,10.070901639344264,1.8810971391364504,0.8191,18.944344262295083,2025,1
CMP-8911,Brand Awareness - Instagram 2024 Q4,Instagram,2025-06-08,2025-07-23,11900.0,10641.84,1145740.0,26345.0,652.0,42559.61,45,0.022993872955469827,0.024748529132662744,0.4039415448851775,16.321840490797545,3.9992717424806234,0.8942722689075631,65.2754754601227,2025,2
CMP-8912,Spring Sale - Instagram 2025 Q1,Instagram,2024-11-28,2025-01-20,17200.0,16310.75,2296012.0,91006.0,2900.0,27444.12,53,0.039636552422199885,0.031866030811155306,0.17922719381139704,5.624396551724138,1.6825786674432506,0.9482994186046512,9.463489655172413,2024,4
CMP-8913,Summer Promo - Instagram 2024 Q1,Instagram,2024-07-29,2024-08-29,20000.0,14611.93,894456.0,21534.0,860.0,34834.36,31,0.024074968472457003,0.0399368440605554,0.6785515928299434,16.99061627906977,2.3839670734803686,0.7305965,40.50506976744186,2024,3
CMP-8914,Customer Retention - Google Ads 2024 Q4,Google Ads,2024-01-08,2024-02-02,17400.0,13453.1,598912.0,43599.0,2533.0,53490.15,25,0.07279700523616157,0.05809766279043097,0.30856441661506,5.311133043821556,3.97604641309438,0.7731666666666667,21.11731148835373,2024,1
CMP-8915,Black Friday - Instagram 2024 Q2,Instagram,2025-01-14,2025-03-08,12900.0,11913.18,1979465.0,39105.0,2300.0,48185.69,53,0.01975533793221906,0.05881600818309679,0.3046459532029152,5.17964347826087,4.044737844975061,0.9235023255813953,20.950300000000002,2025,1
CMP-8916,Summer Promo - Email 2024 Q3,Email,2025-10-11,2025-12-08,24600.0,25721.63,10124499.0,1027897.0,87102.0,308195.86,58,0.1015257150008114,0.0847380622766678,0.02502354807923362,0.29530470023650435,11.981972371113338,1.0455947154471545,3.5383327592937013,2025,4
CMP-8917,New Product Launch - Google Ads 2025 Q2,Google Ads,2025-04-15,2025-05-11,23800.0,21162.88,1361803.0,41788.0,2596.0,111392.31,26,0.03068578935426049,0.062123097539963625,0.5064343830764814,8.152110939907551,5.263570459219161,0.8891966386554623,42.909210323574726,2025,2
CMP-8918,Seasonal Collection - LinkedIn 2024 Q3,LinkedIn,2024-04-21,2024-05-06,23300.0,23886.39,1291305.0,11101.0,229.0,157116.41,15,0.008596729664951348,0.020628772182686245,2.151733177191244,104.30737991266375,6.577654053207706,1.0251669527896996,686.0978602620088,2024,2
CMP-8919,Back to School - Instagram 2025 Q2,Instagram,2025-11-07,2026-01-04,11700.0,11729.72,1993729.0,97512.0,2490.0,31381.51,58,0.048909355283491385,0.025535318730002463,0.12029001558782508,4.710730923694779,2.6753844081529654,1.002540170940171,12.603016064257027,2025,4
CMP-8920,Back to School - LinkedIn 2025 Q3,LinkedIn,2024-12-05,2025-01-30,13000.0,10071.2,251701.0,2306.0,66.0,49658.47,56,0.009161664037886222,0.028620988725065046,4.367389418907199,152.5939393939394,4.93074013027246,0.7747076923076923,752.4010606060606,2024,4
CMP-8921,Spring Sale - Instagram 2024 Q4,Instagram,2025-01-24,2025-02-08,9700.0,10020.34,575126.0,22586.0,653.0,17939.69,15,0.03927139444226135,0.028911715221818825,0.4436527052156203,15.345084226646248,1.7903274739180506,1.0330247422680412,27.472725880551298,2025,1
CMP-8922,Valentine's Special - Instagram 2025 Q2,Instagram,2024-09-27,2024-11-10,9400.0,8612.42,552882.0,7438.0,291.0,27618.42,44,0.013453141900079945,0.039123420274267275,1.1578945953213229,29.59594501718213,3.206812951528142,0.9162148936170212,94.90865979381442,2024,3
CMP-8923,Flash Sale - Google Ads 2025 Q2,Google Ads,2025-03-30,2025-05-13,8900.0,6742.36,619766.0,25116.0,1619.0,26628.3,44,0.04052497232826583,0.06446090141742315,0.26844879757923235,4.1645213094502775,3.9494034729679224,0.7575685393258427,16.447374922791845,2025,1
CMP-8924,Back to School - Facebook 2025 Q1,Facebook,2024-11-28,2025-01-06,7700.0,7050.79,1424310.0,50108.0,3490.0,21101.11,39,0.03518054356144379,0.06964955695697293,0.1407118623772651,2.0202836676217766,2.992729892678693,0.9156870129870129,6.046163323782235,2024,4
CMP-8925,Customer Retention - Email 2024 Q2,Email,2024-10-18,2024-10-26,24800.0,19056.97,9475719.0,522321.0,56512.0,133041.18,8,0.055122044036974925,0.10819400330448134,0.03648516908184814,0.3372198825028313,6.981234687361106,0.7684262096774194,2.3542111409966022,2024,4
CMP-8926,Summer Promo - Instagram 2024 Q1,Instagram,2024-01-10,2024-03-06,16000.0,12876.62,1040675.0,38471.0,619.0,27824.65,56,0.03696735291997982,0.016090041849704972,0.33470978139377716,20.802294022617126,2.1608659725921866,0.80478875,44.950969305331185,2024,1
CMP-8927,Summer Promo - Email 2025 Q1,Email,2024-10-04,2024-12-02,23200.0,25184.99,17610850.0,792112.0,89370.0,503194.13,59,0.04497863532992445,0.11282495404690246,0.03179473357303008,0.2818058632650778,19.979921770864312,1.0855599137931036,5.630459102607139,2024,4
CMP-8928,Valentine's Special - Google Ads 2024 Q2,Google Ads,2024-08-12,2024-08-29,15500.0,13502.97,613959.0,36030.0,3073.0,97354.37,17,0.05868470044416647,0.08529003608104357,0.3747701915070774,4.3940676863000325,7.20984864811223,0.8711593548387097,31.680562967783924,2024,3
CMP-8929,Flash Sale - LinkedIn 2025 Q2,LinkedIn,2024-08-17,2024-10-06,2200.0,2080.47,63211.0,367.0,20.0,14427.93,50,0.005805951495783962,0.05449591280653951,5.6688555858310625,104.02349999999998,6.934937778482747,0.9456681818181817,721.3965000000001,2024,3
CMP-8930,New Product Launch - Email 2025 Q2,Email,2024-06-13,2024-08-07,1700.0,1669.97,565198.0,22107.0,2205.0,21460.1,55,0.03911372651707897,0.09974216311575519,0.0755403265933867,0.7573560090702948,12.850590130361622,0.9823352941176471,9.732471655328798,2024,2
CMP-8931,Holiday Deals - Email 2025 Q4,Email,2025-06-02,2025-06-25,2500.0,2249.65,1183723.0,108256.0,11159.0,16564.32,23,0.09145382830273636,0.10307973691989358,0.020780834318652085,0.20159960569943544,7.363065365723557,0.89986,1.4843910744690385,2025,2
CMP-8932,New Product Launch - Facebook 2024 Q4,Facebook,2024-02-02,2024-02-24,1700.0,1658.99,105080.0,5067.0,166.0,9122.6,22,0.048220403502093646,0.03276100256562068,0.32741069666469313,9.993915662650602,5.49888787756406,0.9758764705882353,54.95542168674699,2024,1
CMP-8933,Flash Sale - Facebook 2024 Q4,Facebook,2024-12-29,2025-02-26,3600.0,3361.03,338305.0,13697.0,632.0,9223.69,59,0.04048713439056473,0.04614149083740965,0.24538439074249838,5.318085443037975,2.7443045733004467,0.9336194444444444,14.594446202531646,2024,4
CMP-8934,Seasonal Collection - Facebook 2025 Q4,Facebook,2024-07-13,2024-07-22,4400.0,3850.88,346981.0,14446.0,596.0,21604.15,9,0.0416334035581199,0.04125709538972726,0.26657067700401493,6.4612080536912755,5.610185204420808,0.8752,36.24857382550336,2024,3
CMP-8935,Customer Retention - Instagram 2025 Q1,Instagram,2024-03-01,2024-04-19,5400.0,4056.23,487038.0,16392.0,700.0,8261.94,49,0.03365651140157441,0.0427037579306979,0.2474518057589068,5.794614285714286,2.036851953661405,0.7511537037037037,11.802771428571429,2024,1
CMP-8936,Spring Sale - Google Ads 2024 Q1,Google Ads,2024-01-04,2024-02-04,18100.0,16325.63,1215141.0,89104.0,7177.0,94308.85,31,0.07332811583182527,0.08054632788651464,0.18321994523253726,2.2747150620036227,5.776735721684248,0.9019685082872928,13.140427755329526,2024,1
CMP-8937,Back to School - Facebook 2024 Q3,Facebook,2025-07-13,2025-07-23,4900.0,5226.86,536781.0,13879.0,304.0,19853.58,10,0.025855982234840653,0.021903595359896246,0.37660206066719504,17.19361842105263,3.798376080476616,1.0667061224489796,65.30782894736842,2025,3
CMP-8938,Valentine's Special - Google Ads 2024 Q2,Google Ads,2024-07-14,2024-08-13,16300.0,14288.94,763739.0,52868.0,2348.0,58442.26,30,0.06922260091471039,0.044412499054248315,0.2702757811908905,6.085579216354344,4.090034670171475,0.8766220858895706,24.890229982964225,2024,3
CMP-8939,Back to School - Facebook 2024 Q1,Facebook,2025-08-26,2025-09-18,13800.0,10247.65,625969.0,24619.0,537.0,30166.13,23,0.039329423661555125,0.02181242130062147,0.4162496445834518,19.08314711359404,2.9437119729889294,0.7425833333333333,56.1752886405959,2025,3
CMP-8940,Referral Program - Facebook 2025 Q2,Facebook,2025-09-06,2025-10-24,13000.0,12397.19,1145269.0,31071.0,1386.0,60260.39,48,0.027129870798912745,0.04460751182774935,0.39899552637507646,8.94458152958153,4.8608103933230025,0.9536300000000001,43.477914862914865,2025,3
CMP-8941,Free Trial Push - Facebook 2025 Q1,Facebook,2024-09-17,2024-10-11,4900.0,3591.06,734978.0,36522.0,2176.0,19039.47,24,0.04969128327650624,0.05958052680576091,0.09832594052899622,1.6503033088235295,5.301908071711417,0.732869387755102,8.74975643382353,2024,3
CMP-8942,Flash Sale - Facebook 2025 Q3,Facebook,2025-01-14,2025-02-03,2000.0,1705.17,227390.0,9137.0,506.0,5558.33,20,0.04018206605391618,0.05537922731750027,0.18662252380431216,3.3699011857707513,3.259692581971299,0.852585,10.984841897233201,2025,1
CMP-8943,Back to School - Instagram 2025 Q1,Instagram,2024-06-21,2024-06-28,10200.0,10789.05,548763.0,7328.0,414.0,28698.59,7,0.013353669981394518,0.056495633187772926,1.4723048580786025,26.060507246376808,2.6599737697016885,1.05775,69.32026570048309,2024,2
CMP-8944,Spring Sale - Google Ads 2025 Q2,Google Ads,2024-06-11,2024-06-19,15600.0,11622.69,789838.0,48629.0,4764.0,63173.46,8,0.06156832160518993,0.09796623414012215,0.23900738242612435,2.439691435768262,5.435356186906818,0.7450442307692308,13.260591939546599,2024,2
CMP-8945,Summer Promo - Instagram 2025 Q4,Instagram,2025-06-22,2025-07-21,19800.0,21211.77,1659261.0,92171.0,5473.0,45535.37,29,0.05554942832984081,0.05937876338544661,0.23013496652960258,3.875711675497899,2.146702986125156,1.0713015151515153,8.320001827151472,2025,2
CMP-8946,Valentine's Special - Facebook 2025 Q3,Facebook,2024-03-08,2024-05-07,6600.0,7030.45,1704153.0,69265.0,3813.0,20207.41,60,0.04064482473111276,0.05504944777304555,0.10150075795856493,1.8438106477838971,2.8742697835842654,1.065219696969697,5.299609231576187,2024,1
CMP-8947,Valentine's Special - LinkedIn 2025 Q1,LinkedIn,2024-08-31,2024-09-07,8200.0,5906.92,221563.0,2069.0,162.0,24459.54,7,0.00933820177556722,0.07829869502174963,2.8549637506041567,36.46246913580247,4.140828045749731,0.7203560975609756,150.98481481481483,2024,3
CMP-8948,Spring Sale - Email 2025 Q2,Email,2024-05-18,2024-05-31,16200.0,17094.76,10421505.0,913314.0,83675.0,281836.44,13,0.08763743816272218,0.09161690283954915,0.018717286716288153,0.2042994920824619,16.48671522735622,1.055232098765432,3.368227547057066,2024,2
CMP-8949,Flash Sale - Email 2024 Q4,Email,2025-08-30,2025-10-27,19700.0,18688.99,7247346.0,212939.0,16204.0,173050.47,58,0.02938165226277316,0.07609691038278568,0.08776687220283744,1.1533565786225624,9.259487537849823,0.9486796954314721,10.679490866452728,2025,3
CMP-8950,Valentine's Special - Facebook 2024 Q3,Facebook,2025-06-01,2025-06-19,11300.0,10820.31,642169.0,28024.0,1669.0,48646.21,18,0.0436396026591131,0.059556094775906364,0.3861086925492435,6.483109646494907,4.495824056796894,0.9575495575221239,29.14692031156381,2025,2
CMP-8951,Referral Program - Google Ads 2024 Q3,Google Ads,2025-10-27,2025-12-25,23600.0,16619.99,775937.0,47170.0,2800.0,79428.02,59,0.06079101782747826,0.059359762560949755,0.3523423786304855,5.935710714285715,4.779065450701234,0.7042368644067797,28.367150000000002,2025,4
CMP-8952,Referral Program - LinkedIn 2025 Q2,LinkedIn,2024-01-26,2024-02-27,2400.0,1808.68,127302.0,1782.0,104.0,15841.41,32,0.013998208983362398,0.058361391694725026,1.0149719416386083,17.39115384615385,8.758547670124068,0.7536166666666667,152.32125,2024,1
CMP-8953,Spring Sale - Google Ads 2024 Q1,Google Ads,2024-06-28,2024-08-17,19500.0,19162.41,1022838.0,39355.0,1659.0,49169.42,50,0.038476278745998876,0.04215474526743743,0.4869117011815525,11.550578661844485,2.5659309032632116,0.9826876923076923,29.637986738999395,2024,2
CMP-8954,Seasonal Collection - Google Ads 2024 Q4,Google Ads,2025-11-15,2025-12-23,9900.0,9338.75,581186.0,30442.0,2989.0,21871.82,38,0.05237910066656802,0.09818671572170028,0.3067718940936864,3.124372699899632,2.3420500602329004,0.9433080808080808,7.317437269989963,2025,4
CMP-8955,New Product Launch - Google Ads 2024 Q2,Google Ads,2024-04-30,2024-05-11,3900.0,3168.92,526974.0,23365.0,1119.0,14082.39,11,0.04433805083362746,0.0478921463727798,0.13562679221057136,2.831921358355675,4.443908334700781,0.8125435897435898,12.58479892761394,2024,2
CMP-8956,Referral Program - Facebook 2025 Q3,Facebook,2025-04-20,2025-05-25,1100.0,869.03,78009.0,2514.0,143.0,2605.91,35,0.032227050724916356,0.056881463802704854,0.34567621320604613,6.077132867132867,2.998642164252097,0.7900272727272727,18.22314685314685,2025,2
CMP-8957,Brand Awareness - LinkedIn 2024 Q2,LinkedIn,2024-10-09,2024-11-13,1800.0,1586.77,85428.0,1300.0,75.0,14884.08,35,0.015217493093599288,0.057692307692307696,1.2205923076923078,21.156933333333335,9.380111799441632,0.8815388888888889,198.4544,2024,4
CMP-8958,Seasonal Collection - LinkedIn 2024 Q4,LinkedIn,2025-01-09,2025-02-26,24200.0,20463.2,636751.0,17323.0,734.0,159619.2,48,0.027205296889993107,0.04237141372741442,1.1812734514806904,27.879019073569484,7.800304937644161,0.8455867768595041,217.4648501362398,2025,1
CMP-8959,New Product Launch - Facebook 2025 Q4,Facebook,2025-04-02,2025-04-30,9700.0,10134.53,1462115.0,59097.0,3197.0,27009.56,28,0.040418845302866054,0.054097500719156644,0.17148975413303552,3.170012511729747,2.665102377712632,1.0447969072164949,8.448407882389741,2025,2
CMP-8960,Black Friday - Google Ads 2025 Q2,Google Ads,2024-12-23,2024-12-30,7700.0,7260.67,934207.0,23818.0,723.0,36451.68,7,0.02549542017989589,0.03035519355109581,0.30483961709631374,10.042420470262794,5.020429244133117,0.9429441558441558,50.417261410788385,2024,4
CMP-8961,Summer Promo - Google Ads 2025 Q1,Google Ads,2024-10-03,2024-11-04,16600.0,17733.13,1014399.0,76048.0,7197.0,95474.06,32,0.07496852816298123,0.09463759730696403,0.23318338417841364,2.46396137279422,5.383937297025398,1.0682608433734941,13.2658135334167,2024,4
CMP-8962,Spring Sale - Email 2025 Q4,Email,2024-09-07,2024-09-27,7200.0,5242.04,5150375.0,171798.0,16221.0,48735.63,20,0.033356406086935415,0.09441902699682185,0.030512811557759693,0.3231638000123297,9.297073276815896,0.7280611111111112,3.004477529128907,2024,3
CMP-8963,Brand Awareness - Facebook 2025 Q1,Facebook,2024-03-31,2024-05-17,16500.0,17664.98,4930599.0,88198.0,5199.0,87557.72,47,0.017887887455459266,0.058946914896029386,0.2002877616272478,3.397764954799,4.9565705706997685,1.0706048484848485,16.841261781111754,2024,1
CMP-8964,Valentine's Special - Facebook 2025 Q3,Facebook,2025-10-22,2025-12-14,9800.0,7052.43,1647016.0,29297.0,681.0,40921.98,53,0.017787926771810354,0.023244700822609824,0.24072191691982114,10.355991189427312,5.80253614711525,0.7196357142857143,60.091013215859036,2025,4
CMP-8965,New Product Launch - Instagram 2024 Q4,Instagram,2024-05-11,2024-06-09,2600.0,2232.15,112565.0,3657.0,163.0,9882.27,29,0.03248789588237907,0.04457205359584359,0.6103773584905661,13.694171779141104,4.427242792823063,0.8585192307692308,60.62742331288344,2024,2
CMP-8966,Summer Promo - Google Ads 2025 Q4,Google Ads,2024-07-19,2024-08-14,23200.0,17691.02,1593128.0,65076.0,3501.0,126413.51,26,0.04084794191050562,0.05379863544163747,0.271851681111316,5.053133390459869,7.145631512484865,0.7625439655172414,36.107829191659526,2024,3
CMP-8967,Brand Awareness - Instagram 2024 Q4,Instagram,2024-12-23,2025-02-01,11600.0,8453.54,554348.0,30289.0,1326.0,31973.82,40,0.05463896325052133,0.04377826933870382,0.27909604146719935,6.375218702865762,3.782299486369024,0.7287534482758622,24.112986425339365,2024,4
CMP-8968,Holiday Deals - LinkedIn 2025 Q2,LinkedIn,2025-02-24,2025-04-12,22800.0,16006.8,454671.0,4403.0,100.0,97771.13,47,0.009683925299832186,0.02271178741766977,3.6354303883715646,160.06799999999998,6.10809968263488,0.7020526315789474,977.7113,2025,1
CMP-8969,Black Friday - Instagram 2024 Q1,Instagram,2025-04-01,2025-05-14,5500.0,4183.73,775035.0,39676.0,1084.0,8970.68,43,0.05119252678911275,0.02732130255066035,0.10544737372719024,3.8595295202952027,2.1441823444629557,0.7606781818181817,8.275535055350554,2025,2
CMP-8970,Referral Program - LinkedIn 2025 Q2,LinkedIn,2025-07-18,2025-09-07,5600.0,4909.06,119270.0,934.0,62.0,18126.37,51,0.00783097174478075,0.06638115631691649,5.255952890792291,79.1783870967742,3.692431952349329,0.8766178571428572,292.36080645161286,2025,3
CMP-8971,Flash Sale - Facebook 2025 Q2,Facebook,2025-07-19,2025-08-27,10000.0,9704.43,921602.0,12114.0,512.0,46064.97,39,0.013144502724603463,0.04226514776291894,0.8010921248142645,18.95396484375,4.7467981117901825,0.9704430000000001,89.97064453125,2025,3
CMP-8972,Back to School - LinkedIn 2024 Q4,LinkedIn,2024-03-29,2024-04-06,14600.0,10689.45,304162.0,7980.0,502.0,35642.51,8,0.02623601896357862,0.06290726817042606,1.33953007518797,21.293725099601595,3.3343633208443837,0.7321541095890411,71.00101593625499,2024,1
CMP-8973,Spring Sale - Facebook 2025 Q1,Facebook,2025-08-26,2025-10-23,6200.0,5994.7,581343.0,25422.0,1683.0,16442.77,58,0.04372977742915972,0.06620250177012037,0.2358075682479742,3.561913250148544,2.7428845480174155,0.9668870967741935,9.769916815210934,2025,3
CMP-8974,Brand Awareness - Instagram 2024 Q3,Instagram,2025-02-02,2025-03-24,9300.0,9533.39,709413.0,34801.0,900.0,41764.76,50,0.04905605056574943,0.025861325823970577,0.27394011666331425,10.592655555555554,4.380892840846751,1.025095698924731,46.40528888888889,2025,1
CMP-8975,Flash Sale - Google Ads 2025 Q1,Google Ads,2025-01-02,2025-02-01,15500.0,11863.98,1754293.0,107924.0,4905.0,45455.14,30,0.06151993994161751,0.04544864904933101,0.10992902412809014,2.4187522935779815,3.831356762233247,0.765418064516129,9.267102956167177,2025,1
CMP-8976,Summer Promo - LinkedIn 2025 Q4,LinkedIn,2025-10-26,2025-12-10,15200.0,15662.56,1150460.0,7480.0,470.0,38705.4,45,0.006501747127236062,0.06283422459893048,2.0939251336898397,33.32459574468085,2.471205218048646,1.0304315789473684,82.35191489361702,2025,4
CMP-8977,Cyber Monday - LinkedIn 2024 Q2,LinkedIn,2024-09-11,2024-10-25,22700.0,22789.59,2160021.0,16372.0,1210.0,185864.06,44,0.00757955593950244,0.07390666992426094,1.3919857073051551,18.834371900826447,8.155656157043632,1.0039466960352423,153.6066611570248,2024,3
CMP-8978,Black Friday - LinkedIn 2025 Q2,LinkedIn,2025-02-09,2025-02-25,23500.0,24182.81,597280.0,3319.0,157.0,224548.87,16,0.005556857755156711,0.04730340463995179,7.286173546248871,154.03063694267516,9.285474682222619,1.029055744680851,1430.2475796178344,2025,1
CMP-8979,Holiday Deals - Google Ads 2025 Q4,Google Ads,2024-09-27,2024-11-17,4100.0,3237.92,140382.0,5089.0,236.0,21423.04,51,0.036251086321608186,0.04637453330713303,0.6362585969738652,13.72,6.616296881948905,0.7897365853658537,90.77559322033899,2024,3
CMP-8980,Back to School - Email 2025 Q2,Email,2024-12-25,2025-01-09,7400.0,6226.34,4297032.0,333679.0,13253.0,100042.31,15,0.07765336632354611,0.03971781262830445,0.018659669922290584,0.4698060816418924,16.067595087965,0.8413972972972973,7.548653889685354,2024,4
CMP-8981,Year End Clearance - LinkedIn 2025 Q4,LinkedIn,2024-11-05,2024-12-07,5700.0,4632.22,329483.0,4406.0,261.0,33642.76,32,0.013372465347225805,0.05923740354062642,1.051343622333182,17.747969348659005,7.262772493534418,0.8126701754385965,128.89946360153257,2024,4
CMP-8982,Black Friday - Facebook 2025 Q1,Facebook,2024-06-27,2024-07-26,6800.0,6978.23,594029.0,21937.0,1347.0,36677.42,29,0.036929173491529875,0.06140310890276701,0.3181032046314446,5.180571640682999,5.255977518654444,1.026210294117647,27.22896807720861,2024,2
CMP-8983,Year End Clearance - Facebook 2025 Q1,Facebook,2024-12-08,2025-01-03,17700.0,14406.56,1830746.0,37608.0,1354.0,33167.99,26,0.02054244553859465,0.036002978089768135,0.38307168687513293,10.639999999999999,2.3022838207039014,0.8139299435028249,24.49629985228951,2024,4
CMP-8984,Brand Awareness - Facebook 2024 Q3,Facebook,2025-07-20,2025-09-05,5800.0,5218.65,642688.0,7996.0,408.0,11701.48,47,0.012441495717984466,0.05102551275637819,0.6526575787893947,12.79080882352941,2.2422427256091138,0.8997672413793103,28.680098039215686,2025,3
CMP-8985,New Product Launch - Instagram 2025 Q1,Instagram,2025-02-01,2025-03-14,6300.0,5194.49,874033.0,12996.0,685.0,23814.51,41,0.014869003801915946,0.052708525700215454,0.3996991381963681,7.583197080291971,4.584571343866289,0.8245222222222222,34.76570802919708,2025,1
CMP-8986,New Product Launch - Email 2024 Q4,Email,2025-05-29,2025-07-10,4800.0,4206.49,6982172.0,207575.0,20573.0,50159.39,42,0.029729287677244275,0.099111164639287,0.020264916295314947,0.20446653380644533,11.924286043708651,0.8763520833333333,2.438117435473679,2025,2
CMP-8987,Free Trial Push - LinkedIn 2025 Q2,LinkedIn,2024-06-23,2024-07-12,15800.0,15962.69,470522.0,4417.0,236.0,82201.16,19,0.009387446283064342,0.053429929816617615,3.613921213493321,67.63851694915255,5.149580678444548,1.010296835443038,348.31,2024,2
CMP-8988,Back to School - Instagram 2024 Q4,Instagram,2024-06-07,2024-07-21,3700.0,3371.08,351998.0,16073.0,444.0,7562.16,44,0.04566219126245036,0.027623965656691347,0.2097355814098177,7.592522522522523,2.2432454880928367,0.9111027027027027,17.031891891891892,2024,2
CMP-8989,Summer Promo - Facebook 2025 Q2,Facebook,2025-01-27,2025-03-04,1700.0,1197.26,91496.0,4059.0,259.0,2415.19,36,0.04436259508612398,0.06380881990638088,0.2949642769154964,4.622625482625483,2.017264420426641,0.7042705882352941,9.325057915057915,2025,1
CMP-8990,Brand Awareness - Instagram 2025 Q3,Instagram,2024-04-22,2024-05-20,20800.0,20084.88,3920674.0,147535.0,6541.0,54991.93,28,0.037630009534075005,0.04433524248483411,0.13613637441962925,3.070613056107629,2.737976527616794,0.9656192307692308,8.407266473016358,2024,2
CMP-8991,Referral Program - Facebook 2024 Q2,Facebook,2025-06-14,2025-07-30,1600.0,1756.96,163702.0,3108.0,74.0,3896.48,46,0.0189857179509108,0.023809523809523808,0.5653024453024453,23.742702702702704,2.217739732264821,1.0981,52.65513513513513,2025,2
CMP-8992,Cyber Monday - Google Ads 2024 Q4,Google Ads,2024-01-16,2024-01-28,13000.0,12228.49,1647480.0,44718.0,2436.0,70986.84,12,0.02714327336295433,0.054474708171206226,0.27345789167672974,5.019905582922824,5.805037253168625,0.9406530769230769,29.140738916256158,2024,1
CMP-8993,Spring Sale - Email 2024 Q1,Email,2024-04-23,2024-05-30,18100.0,16785.95,6971296.0,676453.0,23238.0,313269.41,37,0.0970340378603921,0.03435271925765722,0.0248146582245921,0.7223491694638093,18.6625963975825,0.9274005524861879,13.480911007831999,2024,2
CMP-8994,Holiday Deals - LinkedIn 2024 Q2,LinkedIn,2025-07-20,2025-07-28,2700.0,2574.06,75693.0,944.0,67.0,23529.29,8,0.012471430647483916,0.07097457627118645,2.726758474576271,38.41880597014925,9.140925230958098,0.9533555555555555,351.1834328358209,2025,3
CMP-8995,Free Trial Push - Instagram 2024 Q4,Instagram,2024-10-03,2024-11-13,10200.0,9643.06,669288.0,21008.0,1229.0,47154.2,41,0.031388580103034865,0.058501523229246004,0.45901846915460776,7.846265256305939,4.889962314866858,0.9453980392156862,38.36794141578519,2024,4
CMP-8996,Brand Awareness - Instagram 2025 Q2,Instagram,2025-11-21,2025-12-05,11500.0,10397.76,1090777.0,20392.0,985.0,42729.57,14,0.018694930311145174,0.04830325617889368,0.5098940761082777,10.55610152284264,4.10949762256486,0.9041530434782609,43.38027411167513,2025,4
CMP-8997,Seasonal Collection - Facebook 2024 Q1,Facebook,2024-01-22,2024-02-15,19700.0,20902.69,3935864.0,144641.0,3565.0,89127.83,24,0.03674949134421311,0.024647230038509136,0.1445142801833505,5.863307152875175,4.263940669837232,1.0610502538071065,25.000793828892007,2024,1
CMP-8998,Seasonal Collection - Facebook 2025 Q1,Facebook,2024-07-02,2024-08-05,19800.0,13964.6,1765092.0,47889.0,2694.0,64776.94,34,0.027131163701382136,0.056255089895383074,0.29160349975986133,5.183593170007424,4.638653452300818,0.7052828282828283,24.04489235337788,2024,3
CMP-8999,Customer Retention - Instagram 2025 Q4,Instagram,2025-07-26,2025-08-02,20500.0,15298.31,3759022.0,91829.0,3374.0,63573.6,7,0.02442896051153731,0.036742205621317886,0.1665956288318505,4.534176052163604,4.155596271745049,0.7462590243902438,18.842205097806758,2025,3
CMP-9000,New Product Launch - Email 2025 Q3,Email,2024-02-04,2024-02-11,9800.0,8372.32,3969727.0,155459.0,9302.0,78825.33,7,0.03916113123144237,0.05983571230999814,0.05385548601238912,0.9000559019565685,9.414992499092248,0.8543183673469388,8.474019565684799,2024,1
